valve_model,valve_model_clean,position,size_mm,n,mean_gradient_mmHg_mean,mean_gradient_sd,peak_velocity,peak_gradient_mmHg_mean,peak_gradient_mmHg_sd,eoa_cm2_mean,eoa_sd,dvi_mean,dvi_sd,canonical_model,source_table,source_page,confidence,source,retrieved_at
SAPIEN,SAPIEN,aortic,23,,9.92,4.27,,,,1.56,0.43,0.53,0.13,SAPIEN,Table A1/A2,50,high,"Zoghbi WA, Jone PN, Chamsi-Pasha MA, et al. Guidelines for the Evaluation of Prosthetic Valve Function With Cardiovascular Imaging: A Report from the American Society of Echocardiography. J Am Soc Echocardiogr 2024;37:2-63, Appendix Tables A1-A4",2026-09-16T12:15:51Z
SAPIEN,SAPIEN,aortic,26,,8.76,3.89,,,,1.84,0.52,0.53,0.13,SAPIEN,Table A1/A2,50,high,"Zoghbi WA, Jone PN, Chamsi-Pasha MA, et al. Guidelines for the Evaluation of Prosthetic Valve Function With Cardiovascular Imaging: A Report from the American Society of Echocardiography. J Am Soc Echocardiogr 2024;37:2-63, Appendix Tables A1-A4",2026-09-16T12:15:51Z
SAPIENXT,SAPIENXT,aortic,23,,10.41,3.74,,,,1.41,0.3,0.52,0.1,SAPIEN XT,Table A1/A2,50,high,"Zoghbi WA, Jone PN, Chamsi-Pasha MA, et al. Guidelines for the Evaluation of Prosthetic Valve Function With Cardiovascular Imaging: A Report from the American Society of Echocardiography. J Am Soc Echocardiogr 2024;37:2-63, Appendix Tables A1-A4",2026-09-16T12:15:51Z
SAPIENXT,SAPIENXT,aortic,26,,9.24,3.57,,,,1.74,0.42,0.54,0.11,SAPIEN XT,Table A1/A2,50,high,"Zoghbi WA, Jone PN, Chamsi-Pasha MA, et al. Guidelines for the Evaluation of Prosthetic Valve Function With Cardiovascular Imaging: A Report from the American Society of Echocardiography. J Am Soc Echocardiogr 2024;37:2-63, Appendix Tables A1-A4",2026-09-16T12:15:51Z
SAPIENXT,SAPIENXT,aortic,29,,8.36,3.14,,,,2.06,0.52,0.53,0.11,SAPIEN XT,Table A1/A2,50,high,"Zoghbi WA, Jone PN, Chamsi-Pasha MA, et al. Guidelines for the Evaluation of Prosthetic Valve Function With Cardiovascular Imaging: A Report from the American Society of Echocardiography. J Am Soc Echocardiogr 2024;37:2-63, Appendix Tables A1-A4",2026-09-16T12:15:51Z
SAPIEN3,SAPIEN3,aortic,20,,16.23,5.01,,,,1.22,0.22,0.42,0.07,SAPIEN 3,Table A1/A2,50,high,"Zoghbi WA, Jone PN, Chamsi-Pasha MA, et al. Guidelines for the Evaluation of Prosthetic Valve Function With Cardiovascular Imaging: A Report from the American Society of Echocardiography. J Am Soc Echocardiogr 2024;37:2-63, Appendix Tables A1-A4",2026-09-16T12:15:51Z
SAPIEN3,SAPIEN3,aortic,23,,12.79,4.65,,,,1.45,0.26,0.43,0.08,SAPIEN 3,Table A1/A2,50,high,"Zoghbi WA, Jone PN, Chamsi-Pasha MA, et al. Guidelines for the Evaluation of Prosthetic Valve Function With Cardiovascular Imaging: A Report from the American Society of Echocardiography. J Am Soc Echocardiogr 2024;37:2-63, Appendix Tables A1-A4",2026-09-16T12:15:51Z
SAPIEN3,SAPIEN3,aortic,26,,10.59,3.88,,,,1.74,0.35,0.43,0.09,SAPIEN 3,Table A1/A2,50,high,"Zoghbi WA, Jone PN, Chamsi-Pasha MA, et al. Guidelines for the Evaluation of Prosthetic Valve Function With Cardiovascular Imaging: A Report from the American Society of Echocardiography. J Am Soc Echocardiogr 2024;37:2-63, Appendix Tables A1-A4",2026-09-16T12:15:51Z
SAPIEN3,SAPIEN3,aortic,29,,9.28,3.16,,,,1.89,0.37,0.4,0.09,SAPIEN 3,Table A1/A2,50,high,"Zoghbi WA, Jone PN, Chamsi-Pasha MA, et al. Guidelines for the Evaluation of Prosthetic Valve Function With Cardiovascular Imaging: A Report from the American Society of Echocardiography. J Am Soc Echocardiogr 2024;37:2-63, Appendix Tables A1-A4",2026-09-16T12:15:51Z
CoreValve,CoreValve,aortic,23,,14.43,5.72,,,,1.12,0.36,0.44,0.09,CoreValve,Table A1/A2,50,high,"Zoghbi WA, Jone PN, Chamsi-Pasha MA, et al. Guidelines for the Evaluation of Prosthetic Valve Function With Cardiovascular Imaging: A Report from the American Society of Echocardiography. J Am Soc Echocardiogr 2024;37:2-63, Appendix Tables A1-A4",2026-09-16T12:15:51Z
CoreValve,CoreValve,aortic,26,,8.27,3.82,,,,1.74,0.49,0.59,0.15,CoreValve,Table A1/A2,50,high,"Zoghbi WA, Jone PN, Chamsi-Pasha MA, et al. Guidelines for the Evaluation of Prosthetic Valve Function With Cardiovascular Imaging: A Report from the American Society of Echocardiography. J Am Soc Echocardiogr 2024;37:2-63, Appendix Tables A1-A4",2026-09-16T12:15:51Z
CoreValve,CoreValve,aortic,29,,8.85,4.17,,,,1.97,0.53,0.54,0.12,CoreValve,Table A1/A2,50,high,"Zoghbi WA, Jone PN, Chamsi-Pasha MA, et al. Guidelines for the Evaluation of Prosthetic Valve Function With Cardiovascular Imaging: A Report from the American Society of Echocardiography. J Am Soc Echocardiogr 2024;37:2-63, Appendix Tables A1-A4",2026-09-16T12:15:51Z
CoreValve,CoreValve,aortic,31,,9.55,3.44,,,,2.15,0.72,0.49,0.12,CoreValve,Table A1/A2,50,high,"Zoghbi WA, Jone PN, Chamsi-Pasha MA, et al. Guidelines for the Evaluation of Prosthetic Valve Function With Cardiovascular Imaging: A Report from the American Society of Echocardiography. J Am Soc Echocardiogr 2024;37:2-63, Appendix Tables A1-A4",2026-09-16T12:15:51Z
EvolutR(30d),Evolut R(30d),aortic,23,,14.97,7.15,,,,1.09,0.26,0.42,0.04,Evolut R,Table A1/A2,50,high,"Zoghbi WA, Jone PN, Chamsi-Pasha MA, et al. Guidelines for the Evaluation of Prosthetic Valve Function With Cardiovascular Imaging: A Report from the American Society of Echocardiography. J Am Soc Echocardiogr 2024;37:2-63, Appendix Tables A1-A4",2026-09-16T12:15:51Z
EvolutR(30d),Evolut R(30d),aortic,26,,7.53,2.65,,,,1.69,0.4,0.61,0.13,Evolut R,Table A1/A2,50,high,"Zoghbi WA, Jone PN, Chamsi-Pasha MA, et al. Guidelines for the Evaluation of Prosthetic Valve Function With Cardiovascular Imaging: A Report from the American Society of Echocardiography. J Am Soc Echocardiogr 2024;37:2-63, Appendix Tables A1-A4",2026-09-16T12:15:51Z
EvolutR(30d),Evolut R(30d),aortic,29,,7.85,3.08,,,,1.97,0.54,0.59,0.14,Evolut R,Table A1/A2,50,high,"Zoghbi WA, Jone PN, Chamsi-Pasha MA, et al. Guidelines for the Evaluation of Prosthetic Valve Function With Cardiovascular Imaging: A Report from the American Society of Echocardiography. J Am Soc Echocardiogr 2024;37:2-63, Appendix Tables A1-A4",2026-09-16T12:15:51Z
EvolutR(30d),Evolut R(30d),aortic,34,,6.3,3.23,,,,2.6,0.75,0.58,0.15,Evolut R,Table A1/A2,50,high,"Zoghbi WA, Jone PN, Chamsi-Pasha MA, et al. Guidelines for the Evaluation of Prosthetic Valve Function With Cardiovascular Imaging: A Report from the American Society of Echocardiography. J Am Soc Echocardiogr 2024;37:2-63, Appendix Tables A1-A4",2026-09-16T12:15:51Z
CoreValve (valve-in-valve),CoreValve (valve-in-valve),aortic (ViV),All,,12.89,0.2,,23.48,12.1,1.62,0.14,,,CoreValve,Table A3,51,high,"Zoghbi WA, Jone PN, Chamsi-Pasha MA, et al. Guidelines for the Evaluation of Prosthetic Valve Function With Cardiovascular Imaging: A Report from the American Society of Echocardiography. J Am Soc Echocardiogr 2024;37:2-63, Appendix Tables A1-A4",2026-09-16T12:15:51Z
Evolut (valve-in-valve),Evolut (valve-in-valve),aortic (ViV),All,,14.7,9.11,,22.43,5.72,1.36,0.07,,,Evolut R,Table A3,51,high,"Zoghbi WA, Jone PN, Chamsi-Pasha MA, et al. Guidelines for the Evaluation of Prosthetic Valve Function With Cardiovascular Imaging: A Report from the American Society of Echocardiography. J Am Soc Echocardiogr 2024;37:2-63, Appendix Tables A1-A4",2026-09-16T12:15:51Z
SAPIEN 3 (valve-in-valve),SAPIEN 3 (valve-in-valve),aortic (ViV),All,,27.0,10.2,,33.93,10.11,1.07,0.32,,,SAPIEN 3,Table A3,51,high,"Zoghbi WA, Jone PN, Chamsi-Pasha MA, et al. Guidelines for the Evaluation of Prosthetic Valve Function With Cardiovascular Imaging: A Report from the American Society of Echocardiography. J Am Soc Echocardiogr 2024;37:2-63, Appendix Tables A1-A4",2026-09-16T12:15:51Z
SAPIEN XT (valve-in-valve),SAPIEN XT (valve-in-valve),aortic (ViV),All,,18.02,4.22,,31.31,3.75,1.31,0.25,,,SAPIEN XT,Table A3,51,high,"Zoghbi WA, Jone PN, Chamsi-Pasha MA, et al. Guidelines for the Evaluation of Prosthetic Valve Function With Cardiovascular Imaging: A Report from the American Society of Echocardiography. J Am Soc Echocardiogr 2024;37:2-63, Appendix Tables A1-A4",2026-09-16T12:15:51Z
AbbottEpic,Abbott Epic,aortic,21,,19.1,8.2,,,,1.0,0.3,,,Epic,Table A4,52,low,"Zoghbi WA, Jone PN, Chamsi-Pasha MA, et al. Guidelines for the Evaluation of Prosthetic Valve Function With Cardiovascular Imaging: A Report from the American Society of Echocardiography. J Am Soc Echocardiogr 2024;37:2-63, Appendix Tables A1-A4",2026-09-16T12:15:51Z
AbbottEpic,Abbott Epic,aortic,23,,13.9,6.0,,,,1.4,0.5,,,Epic,Table A4,52,low,"Zoghbi WA, Jone PN, Chamsi-Pasha MA, et al. Guidelines for the Evaluation of Prosthetic Valve Function With Cardiovascular Imaging: A Report from the American Society of Echocardiography. J Am Soc Echocardiogr 2024;37:2-63, Appendix Tables A1-A4",2026-09-16T12:15:51Z
AbbottEpic,Abbott Epic,aortic,25,,12.1,5.1,,,,1.5,0.5,,,Epic,Table A4,52,low,"Zoghbi WA, Jone PN, Chamsi-Pasha MA, et al. Guidelines for the Evaluation of Prosthetic Valve Function With Cardiovascular Imaging: A Report from the American Society of Echocardiography. J Am Soc Echocardiogr 2024;37:2-63, Appendix Tables A1-A4",2026-09-16T12:15:51Z
AbbottEpic,Abbott Epic,aortic,27,,11.4,4.1,,,,1.6,0.4,,,Epic,Table A4,52,low,"Zoghbi WA, Jone PN, Chamsi-Pasha MA, et al. Guidelines for the Evaluation of Prosthetic Valve Function With Cardiovascular Imaging: A Report from the American Society of Echocardiography. J Am Soc Echocardiogr 2024;37:2-63, Appendix Tables A1-A4",2026-09-16T12:15:51Z
AbbottEpic,Abbott Epic,aortic,29,,7.5,3.3,,,,2.4,1.1,,,Epic,Table A4,52,low,"Zoghbi WA, Jone PN, Chamsi-Pasha MA, et al. Guidelines for the Evaluation of Prosthetic Valve Function With Cardiovascular Imaging: A Report from the American Society of Echocardiography. J Am Soc Echocardiogr 2024;37:2-63, Appendix Tables A1-A4",2026-09-16T12:15:51Z
Abbott,Abbott,aortic,19,,10.7,4.6,,,,1.41,0.24,,,,Table A4,52,low,"Zoghbi WA, Jone PN, Chamsi-Pasha MA, et al. Guidelines for the Evaluation of Prosthetic Valve Function With Cardiovascular Imaging: A Report from the American Society of Echocardiography. J Am Soc Echocardiogr 2024;37:2-63, Appendix Tables A1-A4",2026-09-16T12:15:51Z
Abbott Trifecta,Abbott Trifecta,aortic,21,,8.1,3.5,,,,1.63,0.29,,,Trifecta,Table A4,52,low,"Zoghbi WA, Jone PN, Chamsi-Pasha MA, et al. Guidelines for the Evaluation of Prosthetic Valve Function With Cardiovascular Imaging: A Report from the American Society of Echocardiography. J Am Soc Echocardiogr 2024;37:2-63, Appendix Tables A1-A4",2026-09-16T12:15:51Z
Abbott Trifecta,Abbott Trifecta,aortic,23,,7.2,2.8,,,,1.81,0.3,,,Trifecta,Table A4,52,low,"Zoghbi WA, Jone PN, Chamsi-Pasha MA, et al. Guidelines for the Evaluation of Prosthetic Valve Function With Cardiovascular Imaging: A Report from the American Society of Echocardiography. J Am Soc Echocardiogr 2024;37:2-63, Appendix Tables A1-A4",2026-09-16T12:15:51Z
Abbott Trifecta,Abbott Trifecta,aortic,25,,6.2,2.7,,,,2.02,0.32,,,Trifecta,Table A4,52,low,"Zoghbi WA, Jone PN, Chamsi-Pasha MA, et al. Guidelines for the Evaluation of Prosthetic Valve Function With Cardiovascular Imaging: A Report from the American Society of Echocardiography. J Am Soc Echocardiogr 2024;37:2-63, Appendix Tables A1-A4",2026-09-16T12:15:51Z
Abbott Trifecta,Abbott Trifecta,aortic,27,,4.8,2.0,,,,2.2,0.2,,,Trifecta,Table A4,52,low,"Zoghbi WA, Jone PN, Chamsi-Pasha MA, et al. Guidelines for the Evaluation of Prosthetic Valve Function With Cardiovascular Imaging: A Report from the American Society of Echocardiography. J Am Soc Echocardiogr 2024;37:2-63, Appendix Tables A1-A4",2026-09-16T12:15:51Z
Abbott Trifecta,Abbott Trifecta,aortic,29,,4.7,1.6,,,,2.35,0.22,,,Trifecta,Table A4,52,low,"Zoghbi WA, Jone PN, Chamsi-Pasha MA, et al. Guidelines for the Evaluation of Prosthetic Valve Function With Cardiovascular Imaging: A Report from the American Society of Echocardiography. J Am Soc Echocardiogr 2024;37:2-63, Appendix Tables A1-A4",2026-09-16T12:15:51Z
ArborSurgicalTrilogy,Arbor Surgical Trilogy,aortic,21,,11.0,6.0,,21.0,8.0,1.9,0.2,,,,Table A4,52,high,"Zoghbi WA, Jone PN, Chamsi-Pasha MA, et al. Guidelines for the Evaluation of Prosthetic Valve Function With Cardiovascular Imaging: A Report from the American Society of Echocardiography. J Am Soc Echocardiogr 2024;37:2-63, Appendix Tables A1-A4",2026-09-16T12:15:51Z
ArborSurgicalTrilogy,Arbor Surgical Trilogy,aortic,23,,8.0,4.0,,15.0,7.0,2.0,0.3,,,,Table A4,52,high,"Zoghbi WA, Jone PN, Chamsi-Pasha MA, et al. Guidelines for the Evaluation of Prosthetic Valve Function With Cardiovascular Imaging: A Report from the American Society of Echocardiography. J Am Soc Echocardiogr 2024;37:2-63, Appendix Tables A1-A4",2026-09-16T12:15:51Z
ATS,ATS,aortic,19,,25.3,8.0,,47.0,12.6,1.1,0.3,,,,Table A4,52,high,"Zoghbi WA, Jone PN, Chamsi-Pasha MA, et al. Guidelines for the Evaluation of Prosthetic Valve Function With Cardiovascular Imaging: A Report from the American Society of Echocardiography. J Am Soc Echocardiogr 2024;37:2-63, Appendix Tables A1-A4",2026-09-16T12:15:51Z
ATS (Bileaflet),ATS (Bileaflet),aortic,21,,15.9,5.0,,23.7,6.8,1.4,0.5,,,,Table A4,52,high,"Zoghbi WA, Jone PN, Chamsi-Pasha MA, et al. Guidelines for the Evaluation of Prosthetic Valve Function With Cardiovascular Imaging: A Report from the American Society of Echocardiography. J Am Soc Echocardiogr 2024;37:2-63, Appendix Tables A1-A4",2026-09-16T12:15:51Z
ATS (Bileaflet),ATS (Bileaflet),aortic,23,,14.4,4.9,,,,1.7,0.5,,,,Table A4,52,low,"Zoghbi WA, Jone PN, Chamsi-Pasha MA, et al. Guidelines for the Evaluation of Prosthetic Valve Function With Cardiovascular Imaging: A Report from the American Society of Echocardiography. J Am Soc Echocardiogr 2024;37:2-63, Appendix Tables A1-A4",2026-09-16T12:15:51Z
ATS (Bileaflet),ATS (Bileaflet),aortic,25,,11.3,3.7,,,,2.1,0.7,,,,Table A4,52,low,"Zoghbi WA, Jone PN, Chamsi-Pasha MA, et al. Guidelines for the Evaluation of Prosthetic Valve Function With Cardiovascular Imaging: A Report from the American Society of Echocardiography. J Am Soc Echocardiogr 2024;37:2-63, Appendix Tables A1-A4",2026-09-16T12:15:51Z
ATS (Bileaflet),ATS (Bileaflet),aortic,27,,8.4,3.7,,,,2.5,0.1,,,,Table A4,52,low,"Zoghbi WA, Jone PN, Chamsi-Pasha MA, et al. Guidelines for the Evaluation of Prosthetic Valve Function With Cardiovascular Imaging: A Report from the American Society of Echocardiography. J Am Soc Echocardiogr 2024;37:2-63, Appendix Tables A1-A4",2026-09-16T12:15:51Z
ATS (Bileaflet),ATS (Bileaflet),aortic,29,,8.0,3.0,,,,3.1,0.8,,,,Table A4,52,low,"Zoghbi WA, Jone PN, Chamsi-Pasha MA, et al. Guidelines for the Evaluation of Prosthetic Valve Function With Cardiovascular Imaging: A Report from the American Society of Echocardiography. J Am Soc Echocardiogr 2024;37:2-63, Appendix Tables A1-A4",2026-09-16T12:15:51Z
ATSAP,ATSAP,aortic,18,,21.0,1.8,,,,1.2,0.3,,,,Table A4,52,low,"Zoghbi WA, Jone PN, Chamsi-Pasha MA, et al. Guidelines for the Evaluation of Prosthetic Valve Function With Cardiovascular Imaging: A Report from the American Society of Echocardiography. J Am Soc Echocardiogr 2024;37:2-63, Appendix Tables A1-A4",2026-09-16T12:15:51Z
ATSAP (Bileaflet),ATSAP (Bileaflet),aortic,20,,11.1,3.5,,21.4,4.2,1.3,0.3,,,,Table A4,52,high,"Zoghbi WA, Jone PN, Chamsi-Pasha MA, et al. Guidelines for the Evaluation of Prosthetic Valve Function With Cardiovascular Imaging: A Report from the American Society of Echocardiography. J Am Soc Echocardiogr 2024;37:2-63, Appendix Tables A1-A4",2026-09-16T12:15:51Z
ATSAP (Bileaflet),ATSAP (Bileaflet),aortic,22,,10.5,4.5,,18.7,8.3,1.7,0.4,,,,Table A4,52,high,"Zoghbi WA, Jone PN, Chamsi-Pasha MA, et al. Guidelines for the Evaluation of Prosthetic Valve Function With Cardiovascular Imaging: A Report from the American Society of Echocardiography. J Am Soc Echocardiogr 2024;37:2-63, Appendix Tables A1-A4",2026-09-16T12:15:51Z
ATSAP (Bileaflet),ATSAP (Bileaflet),aortic,24,,7.5,3.1,,15.1,5.6,2.0,0.6,,,,Table A4,52,high,"Zoghbi WA, Jone PN, Chamsi-Pasha MA, et al. Guidelines for the Evaluation of Prosthetic Valve Function With Cardiovascular Imaging: A Report from the American Society of Echocardiography. J Am Soc Echocardiogr 2024;37:2-63, Appendix Tables A1-A4",2026-09-16T12:15:51Z
ATSAP (Bileaflet),ATSAP (Bileaflet),aortic,26,,6.0,2.0,,,,2.1,0.4,,,,Table A4,52,low,"Zoghbi WA, Jone PN, Chamsi-Pasha MA, et al. Guidelines for the Evaluation of Prosthetic Valve Function With Cardiovascular Imaging: A Report from the American Society of Echocardiography. J Am Soc Echocardiogr 2024;37:2-63, Appendix Tables A1-A4",2026-09-16T12:15:51Z
ATS,ATS,aortic,21,,15.0,4.6,,27.0,8.4,1.1,0.4,,,,Table A4,52,high,"Zoghbi WA, Jone PN, Chamsi-Pasha MA, et al. Guidelines for the Evaluation of Prosthetic Valve Function With Cardiovascular Imaging: A Report from the American Society of Echocardiography. J Am Soc Echocardiogr 2024;37:2-63, Appendix Tables A1-A4",2026-09-16T12:15:51Z
ATS 3FEnable,ATS 3FEnable,aortic,22,,14.5,6.0,,25.7,10.8,1.4,0.4,,,,Table A4,52,high,"Zoghbi WA, Jone PN, Chamsi-Pasha MA, et al. Guidelines for the Evaluation of Prosthetic Valve Function With Cardiovascular Imaging: A Report from the American Society of Echocardiography. J Am Soc Echocardiogr 2024;37:2-63, Appendix Tables A1-A4",2026-09-16T12:15:51Z
ATS 3FEnable,ATS 3FEnable,aortic,25,,11.4,4.0,,20.3,7.4,1.6,0.5,,,,Table A4,52,high,"Zoghbi WA, Jone PN, Chamsi-Pasha MA, et al. Guidelines for the Evaluation of Prosthetic Valve Function With Cardiovascular Imaging: A Report from the American Society of Echocardiography. J Am Soc Echocardiogr 2024;37:2-63, Appendix Tables A1-A4",2026-09-16T12:15:51Z
ATS 3FEnable,ATS 3FEnable,aortic,27,,9.4,3.3,,16.8,6.3,1.9,0.5,,,,Table A4,52,high,"Zoghbi WA, Jone PN, Chamsi-Pasha MA, et al. Guidelines for the Evaluation of Prosthetic Valve Function With Cardiovascular Imaging: A Report from the American Society of Echocardiography. J Am Soc Echocardiogr 2024;37:2-63, Appendix Tables A1-A4",2026-09-16T12:15:51Z
ATS 3FEnable,ATS 3FEnable,aortic,29,,7.8,3.8,,14.3,6.7,2.4,0.8,,,,Table A4,52,high,"Zoghbi WA, Jone PN, Chamsi-Pasha MA, et al. Guidelines for the Evaluation of Prosthetic Valve Function With Cardiovascular Imaging: A Report from the American Society of Echocardiography. J Am Soc Echocardiogr 2024;37:2-63, Appendix Tables A1-A4",2026-09-16T12:15:51Z
BaxterPerimount,Baxter Perimount,aortic,19,,19.5,5.5,,32.5,8.5,1.3,0.2,,,Perimount,Table A4,52,high,"Zoghbi WA, Jone PN, Chamsi-Pasha MA, et al. Guidelines for the Evaluation of Prosthetic Valve Function With Cardiovascular Imaging: A Report from the American Society of Echocardiography. J Am Soc Echocardiogr 2024;37:2-63, Appendix Tables A1-A4",2026-09-16T12:15:51Z
BaxterPerimount (Stentedbovinepericardial),Baxter Perimount (Stentedbovinepericardial),aortic,21,,13.8,4.0,,24.9,7.7,1.3,0.3,,,Perimount,Table A4,52,high,"Zoghbi WA, Jone PN, Chamsi-Pasha MA, et al. Guidelines for the Evaluation of Prosthetic Valve Function With Cardiovascular Imaging: A Report from the American Society of Echocardiography. J Am Soc Echocardiogr 2024;37:2-63, Appendix Tables A1-A4",2026-09-16T12:15:51Z
BaxterPerimount (Stentedbovinepericardial),Baxter Perimount (Stentedbovinepericardial),aortic,23,,11.5,3.9,,19.9,7.4,1.6,0.3,,,Perimount,Table A4,52,high,"Zoghbi WA, Jone PN, Chamsi-Pasha MA, et al. Guidelines for the Evaluation of Prosthetic Valve Function With Cardiovascular Imaging: A Report from the American Society of Echocardiography. J Am Soc Echocardiogr 2024;37:2-63, Appendix Tables A1-A4",2026-09-16T12:15:51Z
BaxterPerimount (Stentedbovinepericardial),Baxter Perimount (Stentedbovinepericardial),aortic,25,,10.7,3.8,,16.5,7.8,1.6,0.4,,,Perimount,Table A4,52,high,"Zoghbi WA, Jone PN, Chamsi-Pasha MA, et al. Guidelines for the Evaluation of Prosthetic Valve Function With Cardiovascular Imaging: A Report from the American Society of Echocardiography. J Am Soc Echocardiogr 2024;37:2-63, Appendix Tables A1-A4",2026-09-16T12:15:51Z
BaxterPerimount (Stentedbovinepericardial),Baxter Perimount (Stentedbovinepericardial),aortic,27,,4.8,2.2,,12.8,5.4,2.0,0.4,,,Perimount,Table A4,52,high,"Zoghbi WA, Jone PN, Chamsi-Pasha MA, et al. Guidelines for the Evaluation of Prosthetic Valve Function With Cardiovascular Imaging: A Report from the American Society of Echocardiography. J Am Soc Echocardiogr 2024;37:2-63, Appendix Tables A1-A4",2026-09-16T12:15:51Z
Biocor,Biocor,aortic,23,,20.0,6.6,,30.0,10.7,1.3,0.3,,,,Table A4,52,high,"Zoghbi WA, Jone PN, Chamsi-Pasha MA, et al. Guidelines for the Evaluation of Prosthetic Valve Function With Cardiovascular Imaging: A Report from the American Society of Echocardiography. J Am Soc Echocardiogr 2024;37:2-63, Appendix Tables A1-A4",2026-09-16T12:15:51Z
Biocor (Stentedporcine),Biocor (Stentedporcine),aortic,25,,16.0,5.1,,23.0,7.9,1.7,0.4,,,,Table A4,52,high,"Zoghbi WA, Jone PN, Chamsi-Pasha MA, et al. Guidelines for the Evaluation of Prosthetic Valve Function With Cardiovascular Imaging: A Report from the American Society of Echocardiography. J Am Soc Echocardiogr 2024;37:2-63, Appendix Tables A1-A4",2026-09-16T12:15:51Z
Biocor (Stentedporcine),Biocor (Stentedporcine),aortic,27,,15.0,3.7,,22.0,6.5,2.2,0.4,,,,Table A4,52,high,"Zoghbi WA, Jone PN, Chamsi-Pasha MA, et al. Guidelines for the Evaluation of Prosthetic Valve Function With Cardiovascular Imaging: A Report from the American Society of Echocardiography. J Am Soc Echocardiogr 2024;37:2-63, Appendix Tables A1-A4",2026-09-16T12:15:51Z
ExtendedBiocor,Extended Biocor,aortic,19-21,,9.6,3.6,,17.5,6.5,1.4,0.4,,,,Table A4,52,high,"Zoghbi WA, Jone PN, Chamsi-Pasha MA, et al. Guidelines for the Evaluation of Prosthetic Valve Function With Cardiovascular Imaging: A Report from the American Society of Echocardiography. J Am Soc Echocardiogr 2024;37:2-63, Appendix Tables A1-A4",2026-09-16T12:15:51Z
ExtendedBiocor (Stentless),Extended Biocor (Stentless),aortic,23,,7.7,3.8,,14.7,7.3,1.7,0.4,,,,Table A4,52,high,"Zoghbi WA, Jone PN, Chamsi-Pasha MA, et al. Guidelines for the Evaluation of Prosthetic Valve Function With Cardiovascular Imaging: A Report from the American Society of Echocardiography. J Am Soc Echocardiogr 2024;37:2-63, Appendix Tables A1-A4",2026-09-16T12:15:51Z
ExtendedBiocor (Stentless),Extended Biocor (Stentless),aortic,25,,7.4,2.5,,14.0,4.3,1.8,0.4,,,,Table A4,52,high,"Zoghbi WA, Jone PN, Chamsi-Pasha MA, et al. Guidelines for the Evaluation of Prosthetic Valve Function With Cardiovascular Imaging: A Report from the American Society of Echocardiography. J Am Soc Echocardiogr 2024;37:2-63, Appendix Tables A1-A4",2026-09-16T12:15:51Z
Bioflo,Bioflo,aortic,19,,26.4,5.5,,37.2,8.8,0.7,0.1,,,,Table A4,53,high,"Zoghbi WA, Jone PN, Chamsi-Pasha MA, et al. Guidelines for the Evaluation of Prosthetic Valve Function With Cardiovascular Imaging: A Report from the American Society of Echocardiography. J Am Soc Echocardiogr 2024;37:2-63, Appendix Tables A1-A4",2026-09-16T12:15:51Z
Bioflo (Stentedbovinepericardial),Bioflo (Stentedbovinepericardial),aortic,21,,18.7,5.5,,28.7,6.2,1.1,0.1,,,,Table A4,53,high,"Zoghbi WA, Jone PN, Chamsi-Pasha MA, et al. Guidelines for the Evaluation of Prosthetic Valve Function With Cardiovascular Imaging: A Report from the American Society of Echocardiography. J Am Soc Echocardiogr 2024;37:2-63, Appendix Tables A1-A4",2026-09-16T12:15:51Z
Bjork-Shiley,Bjork-Shiley,aortic,21,,21.8,3.4,,38.9,11.9,1.1,0.3,,,,Table A4,53,high,"Zoghbi WA, Jone PN, Chamsi-Pasha MA, et al. Guidelines for the Evaluation of Prosthetic Valve Function With Cardiovascular Imaging: A Report from the American Society of Echocardiography. J Am Soc Echocardiogr 2024;37:2-63, Appendix Tables A1-A4",2026-09-16T12:15:51Z
Bjork-Shiley (Singletiltingdisk),Bjork-Shiley (Singletiltingdisk),aortic,23,,15.7,5.3,,28.8,11.2,1.3,0.3,,,,Table A4,53,high,"Zoghbi WA, Jone PN, Chamsi-Pasha MA, et al. Guidelines for the Evaluation of Prosthetic Valve Function With Cardiovascular Imaging: A Report from the American Society of Echocardiography. J Am Soc Echocardiogr 2024;37:2-63, Appendix Tables A1-A4",2026-09-16T12:15:51Z
Bjork-Shiley (Singletiltingdisk),Bjork-Shiley (Singletiltingdisk),aortic,25,,13.0,5.0,,23.7,8.2,1.5,0.4,,,,Table A4,53,high,"Zoghbi WA, Jone PN, Chamsi-Pasha MA, et al. Guidelines for the Evaluation of Prosthetic Valve Function With Cardiovascular Imaging: A Report from the American Society of Echocardiography. J Am Soc Echocardiogr 2024;37:2-63, Appendix Tables A1-A4",2026-09-16T12:15:51Z
Bjork-Shiley (Singletiltingdisk),Bjork-Shiley (Singletiltingdisk),aortic,27,,10.0,2.0,,,,1.6,0.3,,,,Table A4,53,low,"Zoghbi WA, Jone PN, Chamsi-Pasha MA, et al. Guidelines for the Evaluation of Prosthetic Valve Function With Cardiovascular Imaging: A Report from the American Society of Echocardiography. J Am Soc Echocardiogr 2024;37:2-63, Appendix Tables A1-A4",2026-09-16T12:15:51Z
Carbomedicsreduced,Carbomedicsreduced,aortic,19,,24.4,1.2,,43.4,1.2,1.2,0.1,,,,Table A4,53,high,"Zoghbi WA, Jone PN, Chamsi-Pasha MA, et al. Guidelines for the Evaluation of Prosthetic Valve Function With Cardiovascular Imaging: A Report from the American Society of Echocardiography. J Am Soc Echocardiogr 2024;37:2-63, Appendix Tables A1-A4",2026-09-16T12:15:51Z
CarbomedicsStandard,Carbomedics Standard,aortic,19,,18.9,8.3,,38.0,12.8,1.0,0.3,,,,Table A4,53,high,"Zoghbi WA, Jone PN, Chamsi-Pasha MA, et al. Guidelines for the Evaluation of Prosthetic Valve Function With Cardiovascular Imaging: A Report from the American Society of Echocardiography. J Am Soc Echocardiogr 2024;37:2-63, Appendix Tables A1-A4",2026-09-16T12:15:51Z
CarbomedicsStandard (Bileaflet),Carbomedics Standard (Bileaflet),aortic,21,,12.9,5.4,,26.8,10.1,1.5,0.4,,,,Table A4,53,high,"Zoghbi WA, Jone PN, Chamsi-Pasha MA, et al. Guidelines for the Evaluation of Prosthetic Valve Function With Cardiovascular Imaging: A Report from the American Society of Echocardiography. J Am Soc Echocardiogr 2024;37:2-63, Appendix Tables A1-A4",2026-09-16T12:15:51Z
CarbomedicsStandard (Bileaflet),Carbomedics Standard (Bileaflet),aortic,23,,11.0,4.6,,22.5,7.4,1.4,0.3,,,,Table A4,53,high,"Zoghbi WA, Jone PN, Chamsi-Pasha MA, et al. Guidelines for the Evaluation of Prosthetic Valve Function With Cardiovascular Imaging: A Report from the American Society of Echocardiography. J Am Soc Echocardiogr 2024;37:2-63, Appendix Tables A1-A4",2026-09-16T12:15:51Z
CarbomedicsStandard (Bileaflet),Carbomedics Standard (Bileaflet),aortic,25,,9.1,3.5,,19.6,7.8,1.8,0.4,,,,Table A4,53,high,"Zoghbi WA, Jone PN, Chamsi-Pasha MA, et al. Guidelines for the Evaluation of Prosthetic Valve Function With Cardiovascular Imaging: A Report from the American Society of Echocardiography. J Am Soc Echocardiogr 2024;37:2-63, Appendix Tables A1-A4",2026-09-16T12:15:51Z
CarbomedicsStandard (Bileaflet),Carbomedics Standard (Bileaflet),aortic,27,,7.9,3.2,,17.5,7.1,2.2,0.2,,,,Table A4,53,high,"Zoghbi WA, Jone PN, Chamsi-Pasha MA, et al. Guidelines for the Evaluation of Prosthetic Valve Function With Cardiovascular Imaging: A Report from the American Society of Echocardiography. J Am Soc Echocardiogr 2024;37:2-63, Appendix Tables A1-A4",2026-09-16T12:15:51Z
CarbomedicsStandard (Bileaflet),Carbomedics Standard (Bileaflet),aortic,29,,5.6,3.0,,9.1,4.7,3.2,1.6,,,,Table A4,53,high,"Zoghbi WA, Jone PN, Chamsi-Pasha MA, et al. Guidelines for the Evaluation of Prosthetic Valve Function With Cardiovascular Imaging: A Report from the American Society of Echocardiography. J Am Soc Echocardiogr 2024;37:2-63, Appendix Tables A1-A4",2026-09-16T12:15:51Z
CarbomedicsTophat,Carbomedics Tophat,aortic,21,,14.9,5.4,,30.2,10.9,1.2,0.3,,,,Table A4,53,high,"Zoghbi WA, Jone PN, Chamsi-Pasha MA, et al. Guidelines for the Evaluation of Prosthetic Valve Function With Cardiovascular Imaging: A Report from the American Society of Echocardiography. J Am Soc Echocardiogr 2024;37:2-63, Appendix Tables A1-A4",2026-09-16T12:15:51Z
CarbomedicsTophat (Bileaflet),Carbomedics Tophat (Bileaflet),aortic,23,,12.5,4.4,,24.2,7.6,1.4,0.4,,,,Table A4,53,high,"Zoghbi WA, Jone PN, Chamsi-Pasha MA, et al. Guidelines for the Evaluation of Prosthetic Valve Function With Cardiovascular Imaging: A Report from the American Society of Echocardiography. J Am Soc Echocardiogr 2024;37:2-63, Appendix Tables A1-A4",2026-09-16T12:15:51Z
CarbomedicsTophat (Bileaflet),Carbomedics Tophat (Bileaflet),aortic,25,,9.5,2.9,,,,1.6,0.32,,,,Table A4,53,low,"Zoghbi WA, Jone PN, Chamsi-Pasha MA, et al. Guidelines for the Evaluation of Prosthetic Valve Function With Cardiovascular Imaging: A Report from the American Society of Echocardiography. J Am Soc Echocardiogr 2024;37:2-63, Appendix Tables A1-A4",2026-09-16T12:15:51Z
CarpentierEdwardsPericardial,Carpentier Edwards Pericardial,aortic,19,,24.2,8.6,,32.1,3.4,1.2,0.3,,,Perimount,Table A4,53,high,"Zoghbi WA, Jone PN, Chamsi-Pasha MA, et al. Guidelines for the Evaluation of Prosthetic Valve Function With Cardiovascular Imaging: A Report from the American Society of Echocardiography. J Am Soc Echocardiogr 2024;37:2-63, Appendix Tables A1-A4",2026-09-16T12:15:51Z
CarpentierEdwardsPericardial (Stentedbovinepericardial),Carpentier Edwards Pericardial (Stentedbovinepericardial),aortic,21,,20.3,9.1,,25.7,9.9,1.5,0.4,,,Perimount,Table A4,53,high,"Zoghbi WA, Jone PN, Chamsi-Pasha MA, et al. Guidelines for the Evaluation of Prosthetic Valve Function With Cardiovascular Imaging: A Report from the American Society of Echocardiography. J Am Soc Echocardiogr 2024;37:2-63, Appendix Tables A1-A4",2026-09-16T12:15:51Z
CarpentierEdwardsPericardial (Stentedbovinepericardial),Carpentier Edwards Pericardial (Stentedbovinepericardial),aortic,23,,13.0,5.3,,21.7,8.6,1.8,0.3,,,Perimount,Table A4,53,high,"Zoghbi WA, Jone PN, Chamsi-Pasha MA, et al. Guidelines for the Evaluation of Prosthetic Valve Function With Cardiovascular Imaging: A Report from the American Society of Echocardiography. J Am Soc Echocardiogr 2024;37:2-63, Appendix Tables A1-A4",2026-09-16T12:15:51Z
CarpentierEdwardsPericardial (Stentedbovinepericardial),Carpentier Edwards Pericardial (Stentedbovinepericardial),aortic,25,,9.0,2.3,,16.5,5.4,,,,,Perimount,Table A4,53,medium,"Zoghbi WA, Jone PN, Chamsi-Pasha MA, et al. Guidelines for the Evaluation of Prosthetic Valve Function With Cardiovascular Imaging: A Report from the American Society of Echocardiography. J Am Soc Echocardiogr 2024;37:2-63, Appendix Tables A1-A4",2026-09-16T12:15:51Z
CarpentierEdwardsStandard,Carpentier Edwards Standard,aortic,19,,25.6,8.0,,43.5,12.7,0.9,0.2,,,Perimount,Table A4,53,high,"Zoghbi WA, Jone PN, Chamsi-Pasha MA, et al. Guidelines for the Evaluation of Prosthetic Valve Function With Cardiovascular Imaging: A Report from the American Society of Echocardiography. J Am Soc Echocardiogr 2024;37:2-63, Appendix Tables A1-A4",2026-09-16T12:15:51Z
CarpentierEdwardsStandard (Stentedporcine),Carpentier Edwards Standard (Stentedporcine),aortic,21,,17.3,6.2,,27.7,7.6,1.5,0.3,,,Perimount,Table A4,53,high,"Zoghbi WA, Jone PN, Chamsi-Pasha MA, et al. Guidelines for the Evaluation of Prosthetic Valve Function With Cardiovascular Imaging: A Report from the American Society of Echocardiography. J Am Soc Echocardiogr 2024;37:2-63, Appendix Tables A1-A4",2026-09-16T12:15:51Z
CarpentierEdwardsStandard (Stentedporcine),Carpentier Edwards Standard (Stentedporcine),aortic,23,,16.1,6.2,,28.9,7.5,1.7,0.5,,,Perimount,Table A4,53,high,"Zoghbi WA, Jone PN, Chamsi-Pasha MA, et al. Guidelines for the Evaluation of Prosthetic Valve Function With Cardiovascular Imaging: A Report from the American Society of Echocardiography. J Am Soc Echocardiogr 2024;37:2-63, Appendix Tables A1-A4",2026-09-16T12:15:51Z
CarpentierEdwardsStandard (Stentedporcine),Carpentier Edwards Standard (Stentedporcine),aortic,25,,12.9,4.6,,24.0,7.1,1.9,0.5,,,Perimount,Table A4,53,high,"Zoghbi WA, Jone PN, Chamsi-Pasha MA, et al. Guidelines for the Evaluation of Prosthetic Valve Function With Cardiovascular Imaging: A Report from the American Society of Echocardiography. J Am Soc Echocardiogr 2024;37:2-63, Appendix Tables A1-A4",2026-09-16T12:15:51Z
CarpentierEdwardsStandard (Stentedporcine),Carpentier Edwards Standard (Stentedporcine),aortic,27,,12.1,5.5,,22.1,8.2,2.3,0.6,,,Perimount,Table A4,53,high,"Zoghbi WA, Jone PN, Chamsi-Pasha MA, et al. Guidelines for the Evaluation of Prosthetic Valve Function With Cardiovascular Imaging: A Report from the American Society of Echocardiography. J Am Soc Echocardiogr 2024;37:2-63, Appendix Tables A1-A4",2026-09-16T12:15:51Z
CarpentierEdwardsStandard (Stentedporcine),Carpentier Edwards Standard (Stentedporcine),aortic,29,,9.9,2.9,,,,2.8,0.5,,,Perimount,Table A4,53,low,"Zoghbi WA, Jone PN, Chamsi-Pasha MA, et al. Guidelines for the Evaluation of Prosthetic Valve Function With Cardiovascular Imaging: A Report from the American Society of Echocardiography. J Am Soc Echocardiogr 2024;37:2-63, Appendix Tables A1-A4",2026-09-16T12:15:51Z
CarpentierSupra-Annular,Carpentier Supra-Annular,aortic,19,,34.1,2.7,,,,1.1,0.1,,,,Table A4,53,low,"Zoghbi WA, Jone PN, Chamsi-Pasha MA, et al. Guidelines for the Evaluation of Prosthetic Valve Function With Cardiovascular Imaging: A Report from the American Society of Echocardiography. J Am Soc Echocardiogr 2024;37:2-63, Appendix Tables A1-A4",2026-09-16T12:15:51Z
CarpentierSupra-Annular (Stentedporcine),Carpentier Supra-Annular (Stentedporcine),aortic,21,,17.5,3.8,,28.0,10.5,1.4,0.9,,,,Table A4,53,high,"Zoghbi WA, Jone PN, Chamsi-Pasha MA, et al. Guidelines for the Evaluation of Prosthetic Valve Function With Cardiovascular Imaging: A Report from the American Society of Echocardiography. J Am Soc Echocardiogr 2024;37:2-63, Appendix Tables A1-A4",2026-09-16T12:15:51Z
CarpentierSupra-Annular (Stentedporcine),Carpentier Supra-Annular (Stentedporcine),aortic,23,,13.4,4.5,,25.3,10.5,1.6,0.6,,,,Table A4,53,high,"Zoghbi WA, Jone PN, Chamsi-Pasha MA, et al. Guidelines for the Evaluation of Prosthetic Valve Function With Cardiovascular Imaging: A Report from the American Society of Echocardiography. J Am Soc Echocardiogr 2024;37:2-63, Appendix Tables A1-A4",2026-09-16T12:15:51Z
CarpentierSupra-Annular (Stentedporcine),Carpentier Supra-Annular (Stentedporcine),aortic,25,,13.2,4.8,,24.4,7.6,1.8,0.4,,,,Table A4,53,high,"Zoghbi WA, Jone PN, Chamsi-Pasha MA, et al. Guidelines for the Evaluation of Prosthetic Valve Function With Cardiovascular Imaging: A Report from the American Society of Echocardiography. J Am Soc Echocardiogr 2024;37:2-63, Appendix Tables A1-A4",2026-09-16T12:15:51Z
CarpentierSupra-Annular (Stentedporcine),Carpentier Supra-Annular (Stentedporcine),aortic,27,,8.8,2.8,,16.7,4.7,1.9,0.7,,,,Table A4,53,high,"Zoghbi WA, Jone PN, Chamsi-Pasha MA, et al. Guidelines for the Evaluation of Prosthetic Valve Function With Cardiovascular Imaging: A Report from the American Society of Echocardiography. J Am Soc Echocardiogr 2024;37:2-63, Appendix Tables A1-A4",2026-09-16T12:15:51Z
Cryolife,Cryolife,aortic,19,,9.0,2.0,,,,1.5,0.3,,,,Table A4,53,low,"Zoghbi WA, Jone PN, Chamsi-Pasha MA, et al. Guidelines for the Evaluation of Prosthetic Valve Function With Cardiovascular Imaging: A Report from the American Society of Echocardiography. J Am Soc Echocardiogr 2024;37:2-63, Appendix Tables A1-A4",2026-09-16T12:15:51Z
Cryolife (Stentless),Cryolife (Stentless),aortic,21,,6.6,2.9,,,,1.7,0.4,,,,Table A4,53,low,"Zoghbi WA, Jone PN, Chamsi-Pasha MA, et al. Guidelines for the Evaluation of Prosthetic Valve Function With Cardiovascular Imaging: A Report from the American Society of Echocardiography. J Am Soc Echocardiogr 2024;37:2-63, Appendix Tables A1-A4",2026-09-16T12:15:51Z
Cryolife (Stentless),Cryolife (Stentless),aortic,23,,6.0,2.3,,,,2.3,0.2,,,,Table A4,53,low,"Zoghbi WA, Jone PN, Chamsi-Pasha MA, et al. Guidelines for the Evaluation of Prosthetic Valve Function With Cardiovascular Imaging: A Report from the American Society of Echocardiography. J Am Soc Echocardiogr 2024;37:2-63, Appendix Tables A1-A4",2026-09-16T12:15:51Z
Cryolife (Stentless),Cryolife (Stentless),aortic,25,,6.1,2.6,,,,2.6,0.2,,,,Table A4,53,low,"Zoghbi WA, Jone PN, Chamsi-Pasha MA, et al. Guidelines for the Evaluation of Prosthetic Valve Function With Cardiovascular Imaging: A Report from the American Society of Echocardiography. J Am Soc Echocardiogr 2024;37:2-63, Appendix Tables A1-A4",2026-09-16T12:15:51Z
Cryolife (Stentless),Cryolife (Stentless),aortic,27,,,,,,,4.0,2.4,,,,Table A4,53,low,"Zoghbi WA, Jone PN, Chamsi-Pasha MA, et al. Guidelines for the Evaluation of Prosthetic Valve Function With Cardiovascular Imaging: A Report from the American Society of Echocardiography. J Am Soc Echocardiogr 2024;37:2-63, Appendix Tables A1-A4",2026-09-16T12:15:51Z
EdwardsDuromedics,Edwards Duromedics,aortic,21,,39.0,13.0,,,,,,,,,Table A4,53,low,"Zoghbi WA, Jone PN, Chamsi-Pasha MA, et al. Guidelines for the Evaluation of Prosthetic Valve Function With Cardiovascular Imaging: A Report from the American Society of Echocardiography. J Am Soc Echocardiogr 2024;37:2-63, Appendix Tables A1-A4",2026-09-16T12:15:51Z
EdwardsDuromedics (Bileaflet),Edwards Duromedics (Bileaflet),aortic,23,,32.0,8.0,,,,,,,,,Table A4,53,low,"Zoghbi WA, Jone PN, Chamsi-Pasha MA, et al. Guidelines for the Evaluation of Prosthetic Valve Function With Cardiovascular Imaging: A Report from the American Society of Echocardiography. J Am Soc Echocardiogr 2024;37:2-63, Appendix Tables A1-A4",2026-09-16T12:15:51Z
EdwardsDuromedics (Bileaflet),Edwards Duromedics (Bileaflet),aortic,25,,26.0,10.0,,,,,,,,,Table A4,53,low,"Zoghbi WA, Jone PN, Chamsi-Pasha MA, et al. Guidelines for the Evaluation of Prosthetic Valve Function With Cardiovascular Imaging: A Report from the American Society of Echocardiography. J Am Soc Echocardiogr 2024;37:2-63, Appendix Tables A1-A4",2026-09-16T12:15:51Z
EdwardsDuromedics (Bileaflet),Edwards Duromedics (Bileaflet),aortic,27,,24.0,10.0,,,,,,,,,Table A4,53,low,"Zoghbi WA, Jone PN, Chamsi-Pasha MA, et al. Guidelines for the Evaluation of Prosthetic Valve Function With Cardiovascular Imaging: A Report from the American Society of Echocardiography. J Am Soc Echocardiogr 2024;37:2-63, Appendix Tables A1-A4",2026-09-16T12:15:51Z
Edwards,Edwards,aortic,19,,17.6,7.8,,,,1.1,0.2,,,,Table A4,54,low,"Zoghbi WA, Jone PN, Chamsi-Pasha MA, et al. Guidelines for the Evaluation of Prosthetic Valve Function With Cardiovascular Imaging: A Report from the American Society of Echocardiography. J Am Soc Echocardiogr 2024;37:2-63, Appendix Tables A1-A4",2026-09-16T12:15:51Z
Edwards InspirisResilia,Edwards Inspiris Resilia,aortic,21,,12.6,4.7,,,,1.3,0.3,,,Inspiris RESILIA,Table A4,54,low,"Zoghbi WA, Jone PN, Chamsi-Pasha MA, et al. Guidelines for the Evaluation of Prosthetic Valve Function With Cardiovascular Imaging: A Report from the American Society of Echocardiography. J Am Soc Echocardiogr 2024;37:2-63, Appendix Tables A1-A4",2026-09-16T12:15:51Z
Edwards InspirisResilia,Edwards Inspiris Resilia,aortic,23,,10.1,3.8,,,,1.6,0.4,,,Inspiris RESILIA,Table A4,54,low,"Zoghbi WA, Jone PN, Chamsi-Pasha MA, et al. Guidelines for the Evaluation of Prosthetic Valve Function With Cardiovascular Imaging: A Report from the American Society of Echocardiography. J Am Soc Echocardiogr 2024;37:2-63, Appendix Tables A1-A4",2026-09-16T12:15:51Z
Edwards InspirisResilia,Edwards Inspiris Resilia,aortic,25,,9.6,5.2,,,,1.8,0.5,,,Inspiris RESILIA,Table A4,54,low,"Zoghbi WA, Jone PN, Chamsi-Pasha MA, et al. Guidelines for the Evaluation of Prosthetic Valve Function With Cardiovascular Imaging: A Report from the American Society of Echocardiography. J Am Soc Echocardiogr 2024;37:2-63, Appendix Tables A1-A4",2026-09-16T12:15:51Z
Edwards InspirisResilia,Edwards Inspiris Resilia,aortic,27,,8.2,3.5,,,,2.2,0.6,,,Inspiris RESILIA,Table A4,54,low,"Zoghbi WA, Jone PN, Chamsi-Pasha MA, et al. Guidelines for the Evaluation of Prosthetic Valve Function With Cardiovascular Imaging: A Report from the American Society of Echocardiography. J Am Soc Echocardiogr 2024;37:2-63, Appendix Tables A1-A4",2026-09-16T12:15:51Z
Edwards,Edwards,aortic,19,,13.9,3.9,,,,1.1,0.1,,,,Table A4,54,low,"Zoghbi WA, Jone PN, Chamsi-Pasha MA, et al. Guidelines for the Evaluation of Prosthetic Valve Function With Cardiovascular Imaging: A Report from the American Society of Echocardiography. J Am Soc Echocardiogr 2024;37:2-63, Appendix Tables A1-A4",2026-09-16T12:15:51Z
Edwards Intuity,Edwards Intuity,aortic,21,,11.6,3.6,,,,1.3,0.1,,,INTUITY Elite,Table A4,54,low,"Zoghbi WA, Jone PN, Chamsi-Pasha MA, et al. Guidelines for the Evaluation of Prosthetic Valve Function With Cardiovascular Imaging: A Report from the American Society of Echocardiography. J Am Soc Echocardiogr 2024;37:2-63, Appendix Tables A1-A4",2026-09-16T12:15:51Z
Edwards Intuity,Edwards Intuity,aortic,23,,10.4,3.5,,,,1.7,0.2,,,INTUITY Elite,Table A4,54,low,"Zoghbi WA, Jone PN, Chamsi-Pasha MA, et al. Guidelines for the Evaluation of Prosthetic Valve Function With Cardiovascular Imaging: A Report from the American Society of Echocardiography. J Am Soc Echocardiogr 2024;37:2-63, Appendix Tables A1-A4",2026-09-16T12:15:51Z
Edwards Intuity,Edwards Intuity,aortic,25,,9.1,3.2,,,,1.9,0.2,,,INTUITY Elite,Table A4,54,low,"Zoghbi WA, Jone PN, Chamsi-Pasha MA, et al. Guidelines for the Evaluation of Prosthetic Valve Function With Cardiovascular Imaging: A Report from the American Society of Echocardiography. J Am Soc Echocardiogr 2024;37:2-63, Appendix Tables A1-A4",2026-09-16T12:15:51Z
Edwards Intuity,Edwards Intuity,aortic,27,,8.3,3.7,,,,2.2,0.2,,,INTUITY Elite,Table A4,54,low,"Zoghbi WA, Jone PN, Chamsi-Pasha MA, et al. Guidelines for the Evaluation of Prosthetic Valve Function With Cardiovascular Imaging: A Report from the American Society of Echocardiography. J Am Soc Echocardiogr 2024;37:2-63, Appendix Tables A1-A4",2026-09-16T12:15:51Z
EdwardsMira,Edwards Mira,aortic,19,,18.2,5.3,,,,1.2,0.4,,,,Table A4,54,low,"Zoghbi WA, Jone PN, Chamsi-Pasha MA, et al. Guidelines for the Evaluation of Prosthetic Valve Function With Cardiovascular Imaging: A Report from the American Society of Echocardiography. J Am Soc Echocardiogr 2024;37:2-63, Appendix Tables A1-A4",2026-09-16T12:15:51Z
EdwardsMira (Bileaflet),Edwards Mira (Bileaflet),aortic,21,,13.3,4.3,,,,1.6,0.4,,,,Table A4,54,low,"Zoghbi WA, Jone PN, Chamsi-Pasha MA, et al. Guidelines for the Evaluation of Prosthetic Valve Function With Cardiovascular Imaging: A Report from the American Society of Echocardiography. J Am Soc Echocardiogr 2024;37:2-63, Appendix Tables A1-A4",2026-09-16T12:15:51Z
EdwardsMira (Bileaflet),Edwards Mira (Bileaflet),aortic,23,,14.7,2.8,,,,1.6,0.6,,,,Table A4,54,low,"Zoghbi WA, Jone PN, Chamsi-Pasha MA, et al. Guidelines for the Evaluation of Prosthetic Valve Function With Cardiovascular Imaging: A Report from the American Society of Echocardiography. J Am Soc Echocardiogr 2024;37:2-63, Appendix Tables A1-A4",2026-09-16T12:15:51Z
EdwardsMira (Bileaflet),Edwards Mira (Bileaflet),aortic,25,,13.1,3.8,,,,1.9,,,,,Table A4,54,low,"Zoghbi WA, Jone PN, Chamsi-Pasha MA, et al. Guidelines for the Evaluation of Prosthetic Valve Function With Cardiovascular Imaging: A Report from the American Society of Echocardiography. J Am Soc Echocardiogr 2024;37:2-63, Appendix Tables A1-A4",2026-09-16T12:15:51Z
EdwardsMosaic,Edwards Mosaic,aortic,21,,13.3,5.3,,,,1.4,0.4,,,Mosaic,Table A4,54,low,"Zoghbi WA, Jone PN, Chamsi-Pasha MA, et al. Guidelines for the Evaluation of Prosthetic Valve Function With Cardiovascular Imaging: A Report from the American Society of Echocardiography. J Am Soc Echocardiogr 2024;37:2-63, Appendix Tables A1-A4",2026-09-16T12:15:51Z
EdwardsMosaic,Edwards Mosaic,aortic,23,,11.8,4.9,,,,1.6,0.5,,,Mosaic,Table A4,54,low,"Zoghbi WA, Jone PN, Chamsi-Pasha MA, et al. Guidelines for the Evaluation of Prosthetic Valve Function With Cardiovascular Imaging: A Report from the American Society of Echocardiography. J Am Soc Echocardiogr 2024;37:2-63, Appendix Tables A1-A4",2026-09-16T12:15:51Z
EdwardsMosaic,Edwards Mosaic,aortic,25,,10.6,4.4,,,,1.8,0.5,,,Mosaic,Table A4,54,low,"Zoghbi WA, Jone PN, Chamsi-Pasha MA, et al. Guidelines for the Evaluation of Prosthetic Valve Function With Cardiovascular Imaging: A Report from the American Society of Echocardiography. J Am Soc Echocardiogr 2024;37:2-63, Appendix Tables A1-A4",2026-09-16T12:15:51Z
EdwardsMosaic,Edwards Mosaic,aortic,27,,9.1,4.0,,,,2.0,0.5,,,Mosaic,Table A4,54,low,"Zoghbi WA, Jone PN, Chamsi-Pasha MA, et al. Guidelines for the Evaluation of Prosthetic Valve Function With Cardiovascular Imaging: A Report from the American Society of Echocardiography. J Am Soc Echocardiogr 2024;37:2-63, Appendix Tables A1-A4",2026-09-16T12:15:51Z
EdwardsMosaic,Edwards Mosaic,aortic,29,,8.6,2.9,,,,2.3,0.6,,,Mosaic,Table A4,54,low,"Zoghbi WA, Jone PN, Chamsi-Pasha MA, et al. Guidelines for the Evaluation of Prosthetic Valve Function With Cardiovascular Imaging: A Report from the American Society of Echocardiography. J Am Soc Echocardiogr 2024;37:2-63, Appendix Tables A1-A4",2026-09-16T12:15:51Z
Hancock,Hancock,aortic,21,,12.0,2.0,,18.0,6.0,,,,,Hancock II,Table A4,54,low,"Zoghbi WA, Jone PN, Chamsi-Pasha MA, et al. Guidelines for the Evaluation of Prosthetic Valve Function With Cardiovascular Imaging: A Report from the American Society of Echocardiography. J Am Soc Echocardiogr 2024;37:2-63, Appendix Tables A1-A4",2026-09-16T12:15:51Z
Hancock (Stentedporcine),Hancock (Stentedporcine),aortic,23,,11.0,2.0,,16.0,2.0,,,,,Hancock II,Table A4,54,low,"Zoghbi WA, Jone PN, Chamsi-Pasha MA, et al. Guidelines for the Evaluation of Prosthetic Valve Function With Cardiovascular Imaging: A Report from the American Society of Echocardiography. J Am Soc Echocardiogr 2024;37:2-63, Appendix Tables A1-A4",2026-09-16T12:15:51Z
Hancock (Stentedporcine),Hancock (Stentedporcine),aortic,25,,10.0,3.0,,15.0,3.0,,,,,Hancock II,Table A4,54,low,"Zoghbi WA, Jone PN, Chamsi-Pasha MA, et al. Guidelines for the Evaluation of Prosthetic Valve Function With Cardiovascular Imaging: A Report from the American Society of Echocardiography. J Am Soc Echocardiogr 2024;37:2-63, Appendix Tables A1-A4",2026-09-16T12:15:51Z
HancockII,Hancock II,aortic,21,,14.8,4.1,,,,1.3,0.4,,,Hancock II,Table A4,54,low,"Zoghbi WA, Jone PN, Chamsi-Pasha MA, et al. Guidelines for the Evaluation of Prosthetic Valve Function With Cardiovascular Imaging: A Report from the American Society of Echocardiography. J Am Soc Echocardiogr 2024;37:2-63, Appendix Tables A1-A4",2026-09-16T12:15:51Z
HancockII (Stentedporcine),Hancock II (Stentedporcine),aortic,23,,16.6,8.5,,34.0,13.0,1.3,0.4,,,Hancock II,Table A4,54,high,"Zoghbi WA, Jone PN, Chamsi-Pasha MA, et al. Guidelines for the Evaluation of Prosthetic Valve Function With Cardiovascular Imaging: A Report from the American Society of Echocardiography. J Am Soc Echocardiogr 2024;37:2-63, Appendix Tables A1-A4",2026-09-16T12:15:51Z
HancockII (Stentedporcine),Hancock II (Stentedporcine),aortic,25,,10.8,2.8,,22.0,5.3,1.6,0.4,,,Hancock II,Table A4,54,high,"Zoghbi WA, Jone PN, Chamsi-Pasha MA, et al. Guidelines for the Evaluation of Prosthetic Valve Function With Cardiovascular Imaging: A Report from the American Society of Echocardiography. J Am Soc Echocardiogr 2024;37:2-63, Appendix Tables A1-A4",2026-09-16T12:15:51Z
HancockII (Stentedporcine),Hancock II (Stentedporcine),aortic,29,,8.2,1.7,,16.2,1.5,1.6,0.2,,,Hancock II,Table A4,54,high,"Zoghbi WA, Jone PN, Chamsi-Pasha MA, et al. Guidelines for the Evaluation of Prosthetic Valve Function With Cardiovascular Imaging: A Report from the American Society of Echocardiography. J Am Soc Echocardiogr 2024;37:2-63, Appendix Tables A1-A4",2026-09-16T12:15:51Z
Homograft,Homograft,aortic,17-19,,9.7,4.2,,,,4.2,1.8,,,,Table A4,54,low,"Zoghbi WA, Jone PN, Chamsi-Pasha MA, et al. Guidelines for the Evaluation of Prosthetic Valve Function With Cardiovascular Imaging: A Report from the American Society of Echocardiography. J Am Soc Echocardiogr 2024;37:2-63, Appendix Tables A1-A4",2026-09-16T12:15:51Z
Homograft (Homograftvalves),Homograft (Homograftvalves),aortic,19-21,,5.4,0.9,,,,,,,,,Table A4,54,low,"Zoghbi WA, Jone PN, Chamsi-Pasha MA, et al. Guidelines for the Evaluation of Prosthetic Valve Function With Cardiovascular Imaging: A Report from the American Society of Echocardiography. J Am Soc Echocardiogr 2024;37:2-63, Appendix Tables A1-A4",2026-09-16T12:15:51Z
Homograft (Homograftvalves),Homograft (Homograftvalves),aortic,20-21,,7.9,4.0,,,,3.6,2.0,,,,Table A4,54,low,"Zoghbi WA, Jone PN, Chamsi-Pasha MA, et al. Guidelines for the Evaluation of Prosthetic Valve Function With Cardiovascular Imaging: A Report from the American Society of Echocardiography. J Am Soc Echocardiogr 2024;37:2-63, Appendix Tables A1-A4",2026-09-16T12:15:51Z
Homograft (Homograftvalves),Homograft (Homograftvalves),aortic,20-22,,7.2,3.0,,,,3.5,1.5,,,,Table A4,54,low,"Zoghbi WA, Jone PN, Chamsi-Pasha MA, et al. Guidelines for the Evaluation of Prosthetic Valve Function With Cardiovascular Imaging: A Report from the American Society of Echocardiography. J Am Soc Echocardiogr 2024;37:2-63, Appendix Tables A1-A4",2026-09-16T12:15:51Z
Homograft (Homograftvalves),Homograft (Homograftvalves),aortic,22,,5.8,3.2,,,,1.7,0.3,,,,Table A4,54,low,"Zoghbi WA, Jone PN, Chamsi-Pasha MA, et al. Guidelines for the Evaluation of Prosthetic Valve Function With Cardiovascular Imaging: A Report from the American Society of Echocardiography. J Am Soc Echocardiogr 2024;37:2-63, Appendix Tables A1-A4",2026-09-16T12:15:51Z
Homograft (Homograftvalves),Homograft (Homograftvalves),aortic,22-23,,5.6,3.1,,,,2.6,1.4,,,,Table A4,54,low,"Zoghbi WA, Jone PN, Chamsi-Pasha MA, et al. Guidelines for the Evaluation of Prosthetic Valve Function With Cardiovascular Imaging: A Report from the American Society of Echocardiography. J Am Soc Echocardiogr 2024;37:2-63, Appendix Tables A1-A4",2026-09-16T12:15:51Z
Homograft (Homograftvalves),Homograft (Homograftvalves),aortic,22-24,,5.6,1.7,,,,,,,,,Table A4,54,low,"Zoghbi WA, Jone PN, Chamsi-Pasha MA, et al. Guidelines for the Evaluation of Prosthetic Valve Function With Cardiovascular Imaging: A Report from the American Society of Echocardiography. J Am Soc Echocardiogr 2024;37:2-63, Appendix Tables A1-A4",2026-09-16T12:15:51Z
Homograft (Homograftvalves),Homograft (Homograftvalves),aortic,24-27,,6.2,2.6,,,,2.8,1.1,,,,Table A4,54,low,"Zoghbi WA, Jone PN, Chamsi-Pasha MA, et al. Guidelines for the Evaluation of Prosthetic Valve Function With Cardiovascular Imaging: A Report from the American Society of Echocardiography. J Am Soc Echocardiogr 2024;37:2-63, Appendix Tables A1-A4",2026-09-16T12:15:51Z
Homograft (Homograftvalves),Homograft (Homograftvalves),aortic,26,,6.8,2.9,,,,1.4,0.6,,,,Table A4,54,low,"Zoghbi WA, Jone PN, Chamsi-Pasha MA, et al. Guidelines for the Evaluation of Prosthetic Valve Function With Cardiovascular Imaging: A Report from the American Society of Echocardiography. J Am Soc Echocardiogr 2024;37:2-63, Appendix Tables A1-A4",2026-09-16T12:15:51Z
Homograft (Homograftvalves),Homograft (Homograftvalves),aortic,25-28,,6.2,2.5,,,,,,,,,Table A4,54,low,"Zoghbi WA, Jone PN, Chamsi-Pasha MA, et al. Guidelines for the Evaluation of Prosthetic Valve Function With Cardiovascular Imaging: A Report from the American Society of Echocardiography. J Am Soc Echocardiogr 2024;37:2-63, Appendix Tables A1-A4",2026-09-16T12:15:51Z
Intact,Intact,aortic,19,,24.5,9.3,,40.4,15.4,,,,,,Table A4,54,medium,"Zoghbi WA, Jone PN, Chamsi-Pasha MA, et al. Guidelines for the Evaluation of Prosthetic Valve Function With Cardiovascular Imaging: A Report from the American Society of Echocardiography. J Am Soc Echocardiogr 2024;37:2-63, Appendix Tables A1-A4",2026-09-16T12:15:51Z
Intact (Stentedporcine),Intact (Stentedporcine),aortic,21,,19.6,8.1,,40.9,15.6,1.6,0.4,,,,Table A4,54,high,"Zoghbi WA, Jone PN, Chamsi-Pasha MA, et al. Guidelines for the Evaluation of Prosthetic Valve Function With Cardiovascular Imaging: A Report from the American Society of Echocardiography. J Am Soc Echocardiogr 2024;37:2-63, Appendix Tables A1-A4",2026-09-16T12:15:51Z
Intact (Stentedporcine),Intact (Stentedporcine),aortic,23,,19.0,6.1,,32.7,9.6,1.6,0.4,,,,Table A4,54,high,"Zoghbi WA, Jone PN, Chamsi-Pasha MA, et al. Guidelines for the Evaluation of Prosthetic Valve Function With Cardiovascular Imaging: A Report from the American Society of Echocardiography. J Am Soc Echocardiogr 2024;37:2-63, Appendix Tables A1-A4",2026-09-16T12:15:51Z
Intact (Stentedporcine),Intact (Stentedporcine),aortic,25,,17.7,7.9,,29.7,15.0,1.7,0.3,,,,Table A4,54,high,"Zoghbi WA, Jone PN, Chamsi-Pasha MA, et al. Guidelines for the Evaluation of Prosthetic Valve Function With Cardiovascular Imaging: A Report from the American Society of Echocardiography. J Am Soc Echocardiogr 2024;37:2-63, Appendix Tables A1-A4",2026-09-16T12:15:51Z
Intact (Stentedporcine),Intact (Stentedporcine),aortic,27,,15.0,4.5,,25.0,7.6,,,,,,Table A4,54,medium,"Zoghbi WA, Jone PN, Chamsi-Pasha MA, et al. Guidelines for the Evaluation of Prosthetic Valve Function With Cardiovascular Imaging: A Report from the American Society of Echocardiography. J Am Soc Echocardiogr 2024;37:2-63, Appendix Tables A1-A4",2026-09-16T12:15:51Z
Ionescu-Shiley,Ionescu-Shiley,aortic,17,,23.8,3.4,,,,0.9,0.1,,,,Table A4,55,low,"Zoghbi WA, Jone PN, Chamsi-Pasha MA, et al. Guidelines for the Evaluation of Prosthetic Valve Function With Cardiovascular Imaging: A Report from the American Society of Echocardiography. J Am Soc Echocardiogr 2024;37:2-63, Appendix Tables A1-A4",2026-09-16T12:15:51Z
Ionescu-Shiley (Stentedbovinepericardial),Ionescu-Shiley (Stentedbovinepericardial),aortic,19,,13.3,3.9,,19.7,5.9,1.1,0.1,,,,Table A4,55,high,"Zoghbi WA, Jone PN, Chamsi-Pasha MA, et al. Guidelines for the Evaluation of Prosthetic Valve Function With Cardiovascular Imaging: A Report from the American Society of Echocardiography. J Am Soc Echocardiogr 2024;37:2-63, Appendix Tables A1-A4",2026-09-16T12:15:51Z
Ionescu-Shiley (Stentedbovinepericardial),Ionescu-Shiley (Stentedbovinepericardial),aortic,21,,26.6,9.0,,,,,,,,,Table A4,55,low,"Zoghbi WA, Jone PN, Chamsi-Pasha MA, et al. Guidelines for the Evaluation of Prosthetic Valve Function With Cardiovascular Imaging: A Report from the American Society of Echocardiography. J Am Soc Echocardiogr 2024;37:2-63, Appendix Tables A1-A4",2026-09-16T12:15:51Z
Ionescu-Shiley (Stentedbovinepericardial),Ionescu-Shiley (Stentedbovinepericardial),aortic,23,,15.6,4.4,,,,,,,,,Table A4,55,low,"Zoghbi WA, Jone PN, Chamsi-Pasha MA, et al. Guidelines for the Evaluation of Prosthetic Valve Function With Cardiovascular Imaging: A Report from the American Society of Echocardiography. J Am Soc Echocardiogr 2024;37:2-63, Appendix Tables A1-A4",2026-09-16T12:15:51Z
LabcorSantiago,Labcor Santiago,aortic,19,,11.8,3.3,,18.6,5.0,1.2,0.1,,,,Table A4,55,high,"Zoghbi WA, Jone PN, Chamsi-Pasha MA, et al. Guidelines for the Evaluation of Prosthetic Valve Function With Cardiovascular Imaging: A Report from the American Society of Echocardiography. J Am Soc Echocardiogr 2024;37:2-63, Appendix Tables A1-A4",2026-09-16T12:15:51Z
LabcorSantiago (Stentedbovinepericardial),Labcor Santiago (Stentedbovinepericardial),aortic,21,,8.2,4.5,,17.5,6.6,1.3,0.1,,,,Table A4,55,high,"Zoghbi WA, Jone PN, Chamsi-Pasha MA, et al. Guidelines for the Evaluation of Prosthetic Valve Function With Cardiovascular Imaging: A Report from the American Society of Echocardiography. J Am Soc Echocardiogr 2024;37:2-63, Appendix Tables A1-A4",2026-09-16T12:15:51Z
LabcorSantiago (Stentedbovinepericardial),Labcor Santiago (Stentedbovinepericardial),aortic,23,,7.8,2.9,,14.8,5.2,1.8,0.2,,,,Table A4,55,high,"Zoghbi WA, Jone PN, Chamsi-Pasha MA, et al. Guidelines for the Evaluation of Prosthetic Valve Function With Cardiovascular Imaging: A Report from the American Society of Echocardiography. J Am Soc Echocardiogr 2024;37:2-63, Appendix Tables A1-A4",2026-09-16T12:15:51Z
LabcorSantiago (Stentedbovinepericardial),Labcor Santiago (Stentedbovinepericardial),aortic,25,,6.8,2.0,,12.3,3.4,2.1,0.3,,,,Table A4,55,high,"Zoghbi WA, Jone PN, Chamsi-Pasha MA, et al. Guidelines for the Evaluation of Prosthetic Valve Function With Cardiovascular Imaging: A Report from the American Society of Echocardiography. J Am Soc Echocardiogr 2024;37:2-63, Appendix Tables A1-A4",2026-09-16T12:15:51Z
LabcorSynergy,Labcor Synergy,aortic,21,,13.3,4.2,,24.3,8.1,1.1,0.3,,,,Table A4,55,high,"Zoghbi WA, Jone PN, Chamsi-Pasha MA, et al. Guidelines for the Evaluation of Prosthetic Valve Function With Cardiovascular Imaging: A Report from the American Society of Echocardiography. J Am Soc Echocardiogr 2024;37:2-63, Appendix Tables A1-A4",2026-09-16T12:15:51Z
LabcorSynergy (Stentedporcine),Labcor Synergy (Stentedporcine),aortic,23,,15.3,6.9,,27.3,13.7,1.4,0.4,,,,Table A4,55,high,"Zoghbi WA, Jone PN, Chamsi-Pasha MA, et al. Guidelines for the Evaluation of Prosthetic Valve Function With Cardiovascular Imaging: A Report from the American Society of Echocardiography. J Am Soc Echocardiogr 2024;37:2-63, Appendix Tables A1-A4",2026-09-16T12:15:51Z
LabcorSynergy (Stentedporcine),Labcor Synergy (Stentedporcine),aortic,25,,13.2,6.4,,22.5,11.9,1.5,0.4,,,,Table A4,55,high,"Zoghbi WA, Jone PN, Chamsi-Pasha MA, et al. Guidelines for the Evaluation of Prosthetic Valve Function With Cardiovascular Imaging: A Report from the American Society of Echocardiography. J Am Soc Echocardiogr 2024;37:2-63, Appendix Tables A1-A4",2026-09-16T12:15:51Z
LabcorSynergy (Stentedporcine),Labcor Synergy (Stentedporcine),aortic,27,,10.6,4.6,,17.8,7.0,1.8,0.5,,,,Table A4,55,high,"Zoghbi WA, Jone PN, Chamsi-Pasha MA, et al. Guidelines for the Evaluation of Prosthetic Valve Function With Cardiovascular Imaging: A Report from the American Society of Echocardiography. J Am Soc Echocardiogr 2024;37:2-63, Appendix Tables A1-A4",2026-09-16T12:15:51Z
MCRIOn-X,MCRIOn-X,aortic,19,,11.8,3.4,,21.3,10.8,1.5,0.2,,,,Table A4,55,high,"Zoghbi WA, Jone PN, Chamsi-Pasha MA, et al. Guidelines for the Evaluation of Prosthetic Valve Function With Cardiovascular Imaging: A Report from the American Society of Echocardiography. J Am Soc Echocardiogr 2024;37:2-63, Appendix Tables A1-A4",2026-09-16T12:15:51Z
MCRIOn-X (Bileaflet),MCRIOn-X (Bileaflet),aortic,21,,9.9,3.6,,16.4,5.9,1.7,0.4,,,,Table A4,55,high,"Zoghbi WA, Jone PN, Chamsi-Pasha MA, et al. Guidelines for the Evaluation of Prosthetic Valve Function With Cardiovascular Imaging: A Report from the American Society of Echocardiography. J Am Soc Echocardiogr 2024;37:2-63, Appendix Tables A1-A4",2026-09-16T12:15:51Z
MCRIOn-X (Bileaflet),MCRIOn-X (Bileaflet),aortic,23,,8.6,3.4,,15.9,6.4,1.9,0.6,,,,Table A4,55,high,"Zoghbi WA, Jone PN, Chamsi-Pasha MA, et al. Guidelines for the Evaluation of Prosthetic Valve Function With Cardiovascular Imaging: A Report from the American Society of Echocardiography. J Am Soc Echocardiogr 2024;37:2-63, Appendix Tables A1-A4",2026-09-16T12:15:51Z
MCRIOn-X (Bileaflet),MCRIOn-X (Bileaflet),aortic,25,,6.9,4.3,,16.5,10.2,2.4,0.6,,,,Table A4,55,high,"Zoghbi WA, Jone PN, Chamsi-Pasha MA, et al. Guidelines for the Evaluation of Prosthetic Valve Function With Cardiovascular Imaging: A Report from the American Society of Echocardiography. J Am Soc Echocardiogr 2024;37:2-63, Appendix Tables A1-A4",2026-09-16T12:15:51Z
MedtronicAdvantage,Medtronic Advantage,aortic,23,,10.4,3.1,,,,2.2,0.3,,,,Table A4,55,low,"Zoghbi WA, Jone PN, Chamsi-Pasha MA, et al. Guidelines for the Evaluation of Prosthetic Valve Function With Cardiovascular Imaging: A Report from the American Society of Echocardiography. J Am Soc Echocardiogr 2024;37:2-63, Appendix Tables A1-A4",2026-09-16T12:15:51Z
MedtronicAdvantage (Bileaflet),Medtronic Advantage (Bileaflet),aortic,25,,9.0,3.7,,,,2.8,0.6,,,,Table A4,55,low,"Zoghbi WA, Jone PN, Chamsi-Pasha MA, et al. Guidelines for the Evaluation of Prosthetic Valve Function With Cardiovascular Imaging: A Report from the American Society of Echocardiography. J Am Soc Echocardiogr 2024;37:2-63, Appendix Tables A1-A4",2026-09-16T12:15:51Z
MedtronicAdvantage,Medtronic Advantage,aortic,27,,7.6,3.6,,,,3.3,0.7,,,,Table A4,55,low,"Zoghbi WA, Jone PN, Chamsi-Pasha MA, et al. Guidelines for the Evaluation of Prosthetic Valve Function With Cardiovascular Imaging: A Report from the American Society of Echocardiography. J Am Soc Echocardiogr 2024;37:2-63, Appendix Tables A1-A4",2026-09-16T12:15:51Z
MedtronicAdvantage (Bileaflet),Medtronic Advantage (Bileaflet),aortic,29,,6.1,3.8,,,,3.9,0.7,,,,Table A4,55,low,"Zoghbi WA, Jone PN, Chamsi-Pasha MA, et al. Guidelines for the Evaluation of Prosthetic Valve Function With Cardiovascular Imaging: A Report from the American Society of Echocardiography. J Am Soc Echocardiogr 2024;37:2-63, Appendix Tables A1-A4",2026-09-16T12:15:51Z
Medtronic,Medtronic,aortic,19,,17.1,5.0,,,,1.11,0.25,,,,Table A4,55,low,"Zoghbi WA, Jone PN, Chamsi-Pasha MA, et al. Guidelines for the Evaluation of Prosthetic Valve Function With Cardiovascular Imaging: A Report from the American Society of Echocardiography. J Am Soc Echocardiogr 2024;37:2-63, Appendix Tables A1-A4",2026-09-16T12:15:51Z
Medtronic Avalus,Medtronic Avalus,aortic,21,,14.5,4.3,,,,1.25,0.25,,,Avalus,Table A4,55,low,"Zoghbi WA, Jone PN, Chamsi-Pasha MA, et al. Guidelines for the Evaluation of Prosthetic Valve Function With Cardiovascular Imaging: A Report from the American Society of Echocardiography. J Am Soc Echocardiogr 2024;37:2-63, Appendix Tables A1-A4",2026-09-16T12:15:51Z
Medtronic Avalus,Medtronic Avalus,aortic,23,,12.1,3.8,,,,1.47,0.32,,,Avalus,Table A4,55,low,"Zoghbi WA, Jone PN, Chamsi-Pasha MA, et al. Guidelines for the Evaluation of Prosthetic Valve Function With Cardiovascular Imaging: A Report from the American Society of Echocardiography. J Am Soc Echocardiogr 2024;37:2-63, Appendix Tables A1-A4",2026-09-16T12:15:51Z
Medtronic Avalus,Medtronic Avalus,aortic,25,,11.7,4.0,,,,1.57,0.31,,,Avalus,Table A4,55,low,"Zoghbi WA, Jone PN, Chamsi-Pasha MA, et al. Guidelines for the Evaluation of Prosthetic Valve Function With Cardiovascular Imaging: A Report from the American Society of Echocardiography. J Am Soc Echocardiogr 2024;37:2-63, Appendix Tables A1-A4",2026-09-16T12:15:51Z
Medtronic Avalus,Medtronic Avalus,aortic,27,,10.3,4.2,,,,1.77,0.41,,,Avalus,Table A4,55,low,"Zoghbi WA, Jone PN, Chamsi-Pasha MA, et al. Guidelines for the Evaluation of Prosthetic Valve Function With Cardiovascular Imaging: A Report from the American Society of Echocardiography. J Am Soc Echocardiogr 2024;37:2-63, Appendix Tables A1-A4",2026-09-16T12:15:51Z
MedtronicFreestyle,Medtronic Freestyle,aortic,19,,13.0,3.9,,,,,,,,Freestyle,Table A4,55,low,"Zoghbi WA, Jone PN, Chamsi-Pasha MA, et al. Guidelines for the Evaluation of Prosthetic Valve Function With Cardiovascular Imaging: A Report from the American Society of Echocardiography. J Am Soc Echocardiogr 2024;37:2-63, Appendix Tables A1-A4",2026-09-16T12:15:51Z
MedtronicFreestyle (Stentless),Medtronic Freestyle (Stentless),aortic,21,,9.1,5.1,,,,1.4,0.3,,,Freestyle,Table A4,55,low,"Zoghbi WA, Jone PN, Chamsi-Pasha MA, et al. Guidelines for the Evaluation of Prosthetic Valve Function With Cardiovascular Imaging: A Report from the American Society of Echocardiography. J Am Soc Echocardiogr 2024;37:2-63, Appendix Tables A1-A4",2026-09-16T12:15:51Z
MedtronicFreestyle (Stentless),Medtronic Freestyle (Stentless),aortic,23,,8.1,4.6,,11.0,4.0,1.7,0.5,,,Freestyle,Table A4,55,high,"Zoghbi WA, Jone PN, Chamsi-Pasha MA, et al. Guidelines for the Evaluation of Prosthetic Valve Function With Cardiovascular Imaging: A Report from the American Society of Echocardiography. J Am Soc Echocardiogr 2024;37:2-63, Appendix Tables A1-A4",2026-09-16T12:15:51Z
MedtronicFreestyle (Stentless),Medtronic Freestyle (Stentless),aortic,25,,5.3,3.1,,,,2.1,0.5,,,Freestyle,Table A4,55,low,"Zoghbi WA, Jone PN, Chamsi-Pasha MA, et al. Guidelines for the Evaluation of Prosthetic Valve Function With Cardiovascular Imaging: A Report from the American Society of Echocardiography. J Am Soc Echocardiogr 2024;37:2-63, Appendix Tables A1-A4",2026-09-16T12:15:51Z
MedtronicFreestyle (Stentless),Medtronic Freestyle (Stentless),aortic,27,,4.6,3.1,,,,2.5,0.1,,,Freestyle,Table A4,55,low,"Zoghbi WA, Jone PN, Chamsi-Pasha MA, et al. Guidelines for the Evaluation of Prosthetic Valve Function With Cardiovascular Imaging: A Report from the American Society of Echocardiography. J Am Soc Echocardiogr 2024;37:2-63, Appendix Tables A1-A4",2026-09-16T12:15:51Z
Medtronic-Hall,Medtronic-Hall,aortic,21,,14.1,5.9,,26.9,10.5,1.1,0.2,,,,Table A4,55,high,"Zoghbi WA, Jone PN, Chamsi-Pasha MA, et al. Guidelines for the Evaluation of Prosthetic Valve Function With Cardiovascular Imaging: A Report from the American Society of Echocardiography. J Am Soc Echocardiogr 2024;37:2-63, Appendix Tables A1-A4",2026-09-16T12:15:51Z
Medtronic-Hall (Singletiltingdisk),Medtronic-Hall (Singletiltingdisk),aortic,23,,13.5,4.8,,26.9,8.9,1.4,0.4,,,,Table A4,55,high,"Zoghbi WA, Jone PN, Chamsi-Pasha MA, et al. Guidelines for the Evaluation of Prosthetic Valve Function With Cardiovascular Imaging: A Report from the American Society of Echocardiography. J Am Soc Echocardiogr 2024;37:2-63, Appendix Tables A1-A4",2026-09-16T12:15:51Z
Medtronic-Hall (Singletiltingdisk),Medtronic-Hall (Singletiltingdisk),aortic,25,,9.5,4.3,,17.1,7.0,1.5,0.5,,,,Table A4,55,high,"Zoghbi WA, Jone PN, Chamsi-Pasha MA, et al. Guidelines for the Evaluation of Prosthetic Valve Function With Cardiovascular Imaging: A Report from the American Society of Echocardiography. J Am Soc Echocardiogr 2024;37:2-63, Appendix Tables A1-A4",2026-09-16T12:15:51Z
Medtronic-Hall (Singletiltingdisk),Medtronic-Hall (Singletiltingdisk),aortic,27,,8.7,5.6,,18.9,9.7,1.9,0.2,,,,Table A4,55,high,"Zoghbi WA, Jone PN, Chamsi-Pasha MA, et al. Guidelines for the Evaluation of Prosthetic Valve Function With Cardiovascular Imaging: A Report from the American Society of Echocardiography. J Am Soc Echocardiogr 2024;37:2-63, Appendix Tables A1-A4",2026-09-16T12:15:51Z
Medtronic-Hall,Medtronic-Hall,aortic,20,,17.1,5.3,,34.4,13.1,1.2,0.5,,,,Table A4,55,high,"Zoghbi WA, Jone PN, Chamsi-Pasha MA, et al. Guidelines for the Evaluation of Prosthetic Valve Function With Cardiovascular Imaging: A Report from the American Society of Echocardiography. J Am Soc Echocardiogr 2024;37:2-63, Appendix Tables A1-A4",2026-09-16T12:15:51Z
MedtronicMosaic,Medtronic Mosaic,aortic,21,,14.2,5.0,,,,1.4,0.4,,,Mosaic,Table A4,55,low,"Zoghbi WA, Jone PN, Chamsi-Pasha MA, et al. Guidelines for the Evaluation of Prosthetic Valve Function With Cardiovascular Imaging: A Report from the American Society of Echocardiography. J Am Soc Echocardiogr 2024;37:2-63, Appendix Tables A1-A4",2026-09-16T12:15:51Z
MedtronicMosaic (Stentedporcine),Medtronic Mosaic (Stentedporcine),aortic,23,,13.7,4.8,,23.8,11.0,1.5,0.4,,,Mosaic,Table A4,55,high,"Zoghbi WA, Jone PN, Chamsi-Pasha MA, et al. Guidelines for the Evaluation of Prosthetic Valve Function With Cardiovascular Imaging: A Report from the American Society of Echocardiography. J Am Soc Echocardiogr 2024;37:2-63, Appendix Tables A1-A4",2026-09-16T12:15:51Z
MedtronicMosaic (Stentedporcine),Medtronic Mosaic (Stentedporcine),aortic,25,,11.7,5.1,,22.5,10.0,1.8,0.5,,,Mosaic,Table A4,55,high,"Zoghbi WA, Jone PN, Chamsi-Pasha MA, et al. Guidelines for the Evaluation of Prosthetic Valve Function With Cardiovascular Imaging: A Report from the American Society of Echocardiography. J Am Soc Echocardiogr 2024;37:2-63, Appendix Tables A1-A4",2026-09-16T12:15:51Z
MedtronicMosaic (Stentedporcine),Medtronic Mosaic (Stentedporcine),aortic,27,,10.4,4.3,,,,1.9,0.1,,,Mosaic,Table A4,55,low,"Zoghbi WA, Jone PN, Chamsi-Pasha MA, et al. Guidelines for the Evaluation of Prosthetic Valve Function With Cardiovascular Imaging: A Report from the American Society of Echocardiography. J Am Soc Echocardiogr 2024;37:2-63, Appendix Tables A1-A4",2026-09-16T12:15:51Z
MedtronicMosaic (Stentedporcine),Medtronic Mosaic (Stentedporcine),aortic,29,,11.1,4.3,,,,2.1,0.2,,,Mosaic,Table A4,55,low,"Zoghbi WA, Jone PN, Chamsi-Pasha MA, et al. Guidelines for the Evaluation of Prosthetic Valve Function With Cardiovascular Imaging: A Report from the American Society of Echocardiography. J Am Soc Echocardiogr 2024;37:2-63, Appendix Tables A1-A4",2026-09-16T12:15:51Z
Mitroflow,Mitroflow,aortic,19,,13.1,3.3,,18.6,5.3,1.1,0.2,,,Mitroflow,Table A4,56,high,"Zoghbi WA, Jone PN, Chamsi-Pasha MA, et al. Guidelines for the Evaluation of Prosthetic Valve Function With Cardiovascular Imaging: A Report from the American Society of Echocardiography. J Am Soc Echocardiogr 2024;37:2-63, Appendix Tables A1-A4",2026-09-16T12:15:51Z
MonostrutBjork-Shiley,Monostrut Bjork-Shiley,aortic,19,,27.4,8.8,,,,,,,,,Table A4,56,low,"Zoghbi WA, Jone PN, Chamsi-Pasha MA, et al. Guidelines for the Evaluation of Prosthetic Valve Function With Cardiovascular Imaging: A Report from the American Society of Echocardiography. J Am Soc Echocardiogr 2024;37:2-63, Appendix Tables A1-A4",2026-09-16T12:15:51Z
MonostrutBjork-Shiley (Singletiltingdisk),Monostrut Bjork-Shiley (Singletiltingdisk),aortic,21,,20.5,6.2,,27.5,3.1,,,,,,Table A4,56,medium,"Zoghbi WA, Jone PN, Chamsi-Pasha MA, et al. Guidelines for the Evaluation of Prosthetic Valve Function With Cardiovascular Imaging: A Report from the American Society of Echocardiography. J Am Soc Echocardiogr 2024;37:2-63, Appendix Tables A1-A4",2026-09-16T12:15:51Z
MonostrutBjork-Shiley (Singletiltingdisk),Monostrut Bjork-Shiley (Singletiltingdisk),aortic,23,,17.4,6.4,,20.3,0.7,,,,,,Table A4,56,medium,"Zoghbi WA, Jone PN, Chamsi-Pasha MA, et al. Guidelines for the Evaluation of Prosthetic Valve Function With Cardiovascular Imaging: A Report from the American Society of Echocardiography. J Am Soc Echocardiogr 2024;37:2-63, Appendix Tables A1-A4",2026-09-16T12:15:51Z
MonostrutBjork-Shiley (Singletiltingdisk),Monostrut Bjork-Shiley (Singletiltingdisk),aortic,25,,16.1,4.9,,,,,,,,,Table A4,56,low,"Zoghbi WA, Jone PN, Chamsi-Pasha MA, et al. Guidelines for the Evaluation of Prosthetic Valve Function With Cardiovascular Imaging: A Report from the American Society of Echocardiography. J Am Soc Echocardiogr 2024;37:2-63, Appendix Tables A1-A4",2026-09-16T12:15:51Z
MonostrutBjork-Shiley (Singletiltingdisk),Monostrut Bjork-Shiley (Singletiltingdisk),aortic,27,,11.4,3.8,,,,,,,,,Table A4,56,low,"Zoghbi WA, Jone PN, Chamsi-Pasha MA, et al. Guidelines for the Evaluation of Prosthetic Valve Function With Cardiovascular Imaging: A Report from the American Society of Echocardiography. J Am Soc Echocardiogr 2024;37:2-63, Appendix Tables A1-A4",2026-09-16T12:15:51Z
Prima,Prima,aortic,21,,13.7,1.9,,28.8,6.0,1.4,0.7,,,Prima Plus,Table A4,56,low,"Zoghbi WA, Jone PN, Chamsi-Pasha MA, et al. Guidelines for the Evaluation of Prosthetic Valve Function With Cardiovascular Imaging: A Report from the American Society of Echocardiography. J Am Soc Echocardiogr 2024;37:2-63, Appendix Tables A1-A4",2026-09-16T12:15:51Z
Prima (Stentless),Prima (Stentless),aortic,23,,11.5,4.9,,21.5,7.5,1.5,0.3,,,Prima Plus,Table A4,56,low,"Zoghbi WA, Jone PN, Chamsi-Pasha MA, et al. Guidelines for the Evaluation of Prosthetic Valve Function With Cardiovascular Imaging: A Report from the American Society of Echocardiography. J Am Soc Echocardiogr 2024;37:2-63, Appendix Tables A1-A4",2026-09-16T12:15:51Z
Prima (Stentless),Prima (Stentless),aortic,25,,11.6,7.2,,22.1,12.5,1.8,0.5,,,Prima Plus,Table A4,56,low,"Zoghbi WA, Jone PN, Chamsi-Pasha MA, et al. Guidelines for the Evaluation of Prosthetic Valve Function With Cardiovascular Imaging: A Report from the American Society of Echocardiography. J Am Soc Echocardiogr 2024;37:2-63, Appendix Tables A1-A4",2026-09-16T12:15:51Z
Omnicarbon,Omnicarbon,aortic,21,,20.4,5.4,,37.4,12.8,1.3,0.5,,,,Table A4,56,high,"Zoghbi WA, Jone PN, Chamsi-Pasha MA, et al. Guidelines for the Evaluation of Prosthetic Valve Function With Cardiovascular Imaging: A Report from the American Society of Echocardiography. J Am Soc Echocardiogr 2024;37:2-63, Appendix Tables A1-A4",2026-09-16T12:15:51Z
Omnicarbon (Singletiltingdisk),Omnicarbon (Singletiltingdisk),aortic,23,,17.4,4.9,,28.8,9.1,1.5,0.3,,,,Table A4,56,high,"Zoghbi WA, Jone PN, Chamsi-Pasha MA, et al. Guidelines for the Evaluation of Prosthetic Valve Function With Cardiovascular Imaging: A Report from the American Society of Echocardiography. J Am Soc Echocardiogr 2024;37:2-63, Appendix Tables A1-A4",2026-09-16T12:15:51Z
Omnicarbon (Singletiltingdisk),Omnicarbon (Singletiltingdisk),aortic,25,,13.2,4.6,,23.7,8.1,1.9,0.5,,,,Table A4,56,high,"Zoghbi WA, Jone PN, Chamsi-Pasha MA, et al. Guidelines for the Evaluation of Prosthetic Valve Function With Cardiovascular Imaging: A Report from the American Society of Echocardiography. J Am Soc Echocardiogr 2024;37:2-63, Appendix Tables A1-A4",2026-09-16T12:15:51Z
Omnicarbon (Singletiltingdisk),Omnicarbon (Singletiltingdisk),aortic,27,,12.4,2.9,,20.1,4.2,2.1,0.4,,,,Table A4,56,high,"Zoghbi WA, Jone PN, Chamsi-Pasha MA, et al. Guidelines for the Evaluation of Prosthetic Valve Function With Cardiovascular Imaging: A Report from the American Society of Echocardiography. J Am Soc Echocardiogr 2024;37:2-63, Appendix Tables A1-A4",2026-09-16T12:15:51Z
Omniscience,Omniscience,aortic,21,,28.2,2.2,,50.8,2.8,0.9,0.1,,,,Table A4,56,high,"Zoghbi WA, Jone PN, Chamsi-Pasha MA, et al. Guidelines for the Evaluation of Prosthetic Valve Function With Cardiovascular Imaging: A Report from the American Society of Echocardiography. J Am Soc Echocardiogr 2024;37:2-63, Appendix Tables A1-A4",2026-09-16T12:15:51Z
Omniscience (Singletiltingdisk),Omniscience (Singletiltingdisk),aortic,23,,20.1,5.1,,39.8,8.7,1.0,0.1,,,,Table A4,56,high,"Zoghbi WA, Jone PN, Chamsi-Pasha MA, et al. Guidelines for the Evaluation of Prosthetic Valve Function With Cardiovascular Imaging: A Report from the American Society of Echocardiography. J Am Soc Echocardiogr 2024;37:2-63, Appendix Tables A1-A4",2026-09-16T12:15:51Z
Starr-Edwards,Starr-Edwards,aortic,23,,22.0,9.0,,32.6,12.8,1.1,0.2,,,,Table A4,56,high,"Zoghbi WA, Jone PN, Chamsi-Pasha MA, et al. Guidelines for the Evaluation of Prosthetic Valve Function With Cardiovascular Imaging: A Report from the American Society of Echocardiography. J Am Soc Echocardiogr 2024;37:2-63, Appendix Tables A1-A4",2026-09-16T12:15:51Z
Starr-Edwards (Cagedball),Starr-Edwards (Cagedball),aortic,24,,22.1,7.5,,34.1,10.3,1.1,0.3,,,,Table A4,56,high,"Zoghbi WA, Jone PN, Chamsi-Pasha MA, et al. Guidelines for the Evaluation of Prosthetic Valve Function With Cardiovascular Imaging: A Report from the American Society of Echocardiography. J Am Soc Echocardiogr 2024;37:2-63, Appendix Tables A1-A4",2026-09-16T12:15:51Z
Starr-Edwards (Cagedball),Starr-Edwards (Cagedball),aortic,26,,19.7,6.1,,31.8,9.0,,,,,,Table A4,56,medium,"Zoghbi WA, Jone PN, Chamsi-Pasha MA, et al. Guidelines for the Evaluation of Prosthetic Valve Function With Cardiovascular Imaging: A Report from the American Society of Echocardiography. J Am Soc Echocardiogr 2024;37:2-63, Appendix Tables A1-A4",2026-09-16T12:15:51Z
Starr-Edwards (Cagedball),Starr-Edwards (Cagedball),aortic,27,,18.5,3.7,,30.8,6.3,,,,,,Table A4,56,medium,"Zoghbi WA, Jone PN, Chamsi-Pasha MA, et al. Guidelines for the Evaluation of Prosthetic Valve Function With Cardiovascular Imaging: A Report from the American Society of Echocardiography. J Am Soc Echocardiogr 2024;37:2-63, Appendix Tables A1-A4",2026-09-16T12:15:51Z
Starr-Edwards (Cagedball),Starr-Edwards (Cagedball),aortic,29,,16.3,5.5,,29.0,9.3,,,,,,Table A4,56,medium,"Zoghbi WA, Jone PN, Chamsi-Pasha MA, et al. Guidelines for the Evaluation of Prosthetic Valve Function With Cardiovascular Imaging: A Report from the American Society of Echocardiography. J Am Soc Echocardiogr 2024;37:2-63, Appendix Tables A1-A4",2026-09-16T12:15:51Z
SorinBicarbon,Sorin Bicarbon,aortic,19,,16.7,2.0,,30.1,4.5,1.4,0.1,,,,Table A4,56,high,"Zoghbi WA, Jone PN, Chamsi-Pasha MA, et al. Guidelines for the Evaluation of Prosthetic Valve Function With Cardiovascular Imaging: A Report from the American Society of Echocardiography. J Am Soc Echocardiogr 2024;37:2-63, Appendix Tables A1-A4",2026-09-16T12:15:51Z
SorinBicarbon (Bileaflet),Sorin Bicarbon (Bileaflet),aortic,21,,10.0,3.3,,22.0,7.1,1.2,0.4,,,,Table A4,56,high,"Zoghbi WA, Jone PN, Chamsi-Pasha MA, et al. Guidelines for the Evaluation of Prosthetic Valve Function With Cardiovascular Imaging: A Report from the American Society of Echocardiography. J Am Soc Echocardiogr 2024;37:2-63, Appendix Tables A1-A4",2026-09-16T12:15:51Z
SorinBicarbon (Bileaflet),Sorin Bicarbon (Bileaflet),aortic,23,,7.7,3.3,,16.8,6.1,1.5,0.2,,,,Table A4,56,high,"Zoghbi WA, Jone PN, Chamsi-Pasha MA, et al. Guidelines for the Evaluation of Prosthetic Valve Function With Cardiovascular Imaging: A Report from the American Society of Echocardiography. J Am Soc Echocardiogr 2024;37:2-63, Appendix Tables A1-A4",2026-09-16T12:15:51Z
SorinBicarbon (Bileaflet),Sorin Bicarbon (Bileaflet),aortic,25,,5.6,1.6,,11.2,3.1,2.4,0.3,,,,Table A4,56,high,"Zoghbi WA, Jone PN, Chamsi-Pasha MA, et al. Guidelines for the Evaluation of Prosthetic Valve Function With Cardiovascular Imaging: A Report from the American Society of Echocardiography. J Am Soc Echocardiogr 2024;37:2-63, Appendix Tables A1-A4",2026-09-16T12:15:51Z
SorinPericarbonStentless,Sorin Pericarbon Stentless,aortic,19,,28.9,7.3,,36.5,9.0,1.2,0.5,,,,Table A4,56,high,"Zoghbi WA, Jone PN, Chamsi-Pasha MA, et al. Guidelines for the Evaluation of Prosthetic Valve Function With Cardiovascular Imaging: A Report from the American Society of Echocardiography. J Am Soc Echocardiogr 2024;37:2-63, Appendix Tables A1-A4",2026-09-16T12:15:51Z
SorinPericarbonStentless,Sorin Pericarbon Stentless,aortic,21,,23.8,11.1,,28.0,13.3,1.3,0.6,,,,Table A4,56,high,"Zoghbi WA, Jone PN, Chamsi-Pasha MA, et al. Guidelines for the Evaluation of Prosthetic Valve Function With Cardiovascular Imaging: A Report from the American Society of Echocardiography. J Am Soc Echocardiogr 2024;37:2-63, Appendix Tables A1-A4",2026-09-16T12:15:51Z
SorinPericarbonStentless,Sorin Pericarbon Stentless,aortic,23,,23.2,7.6,,27.5,11.5,1.5,0.5,,,,Table A4,56,high,"Zoghbi WA, Jone PN, Chamsi-Pasha MA, et al. Guidelines for the Evaluation of Prosthetic Valve Function With Cardiovascular Imaging: A Report from the American Society of Echocardiography. J Am Soc Echocardiogr 2024;37:2-63, Appendix Tables A1-A4",2026-09-16T12:15:51Z
SorinPercevalSutureless,Sorin Perceval Sutureless,aortic,21,,10.1,4.2,,,,1.3,0.3,,,Perceval,Table A4,56,low,"Zoghbi WA, Jone PN, Chamsi-Pasha MA, et al. Guidelines for the Evaluation of Prosthetic Valve Function With Cardiovascular Imaging: A Report from the American Society of Echocardiography. J Am Soc Echocardiogr 2024;37:2-63, Appendix Tables A1-A4",2026-09-16T12:15:51Z
SorinPercevalSutureless,Sorin Perceval Sutureless,aortic,23,,9.4,5.5,,,,1.5,0.4,,,Perceval,Table A4,56,low,"Zoghbi WA, Jone PN, Chamsi-Pasha MA, et al. Guidelines for the Evaluation of Prosthetic Valve Function With Cardiovascular Imaging: A Report from the American Society of Echocardiography. J Am Soc Echocardiogr 2024;37:2-63, Appendix Tables A1-A4",2026-09-16T12:15:51Z
SorinPercevalSutureless,Sorin Perceval Sutureless,aortic,25,,8.5,4.6,,,,1.5,0.4,,,Perceval,Table A4,56,low,"Zoghbi WA, Jone PN, Chamsi-Pasha MA, et al. Guidelines for the Evaluation of Prosthetic Valve Function With Cardiovascular Imaging: A Report from the American Society of Echocardiography. J Am Soc Echocardiogr 2024;37:2-63, Appendix Tables A1-A4",2026-09-16T12:15:51Z
SorinPercevalSutureless,Sorin Perceval Sutureless,aortic,27,,9.7,4.7,,,,1.6,0.4,,,Perceval,Table A4,56,low,"Zoghbi WA, Jone PN, Chamsi-Pasha MA, et al. Guidelines for the Evaluation of Prosthetic Valve Function With Cardiovascular Imaging: A Report from the American Society of Echocardiography. J Am Soc Echocardiogr 2024;37:2-63, Appendix Tables A1-A4",2026-09-16T12:15:51Z
St.JudeMedical,St.Jude Medical,aortic,19,,17.0,7.8,,28.5,10.7,1.9,0.1,,,,Table A4,56,high,"Zoghbi WA, Jone PN, Chamsi-Pasha MA, et al. Guidelines for the Evaluation of Prosthetic Valve Function With Cardiovascular Imaging: A Report from the American Society of Echocardiography. J Am Soc Echocardiogr 2024;37:2-63, Appendix Tables A1-A4",2026-09-16T12:15:51Z
St.JudeMedical HaemPlusBileaflet,St.Jude Medical Haem Plus Bileaflet,aortic,21,,16.3,17.0,,,,1.8,0.5,,,,Table A4,56,low,"Zoghbi WA, Jone PN, Chamsi-Pasha MA, et al. Guidelines for the Evaluation of Prosthetic Valve Function With Cardiovascular Imaging: A Report from the American Society of Echocardiography. J Am Soc Echocardiogr 2024;37:2-63, Appendix Tables A1-A4",2026-09-16T12:15:51Z
St.JudeMedical HaemPlusBileaflet,St.Jude Medical Haem Plus Bileaflet,aortic,23,,12.1,4.2,,16.8,7.3,1.7,0.5,,,,Table A4,56,high,"Zoghbi WA, Jone PN, Chamsi-Pasha MA, et al. Guidelines for the Evaluation of Prosthetic Valve Function With Cardiovascular Imaging: A Report from the American Society of Echocardiography. J Am Soc Echocardiogr 2024;37:2-63, Appendix Tables A1-A4",2026-09-16T12:15:51Z
St.JudeMedicalRegent,St.Jude Medical Regent,aortic,19,,11.0,4.9,,20.6,12.0,1.6,0.4,,,,Table A4,56,high,"Zoghbi WA, Jone PN, Chamsi-Pasha MA, et al. Guidelines for the Evaluation of Prosthetic Valve Function With Cardiovascular Imaging: A Report from the American Society of Echocardiography. J Am Soc Echocardiogr 2024;37:2-63, Appendix Tables A1-A4",2026-09-16T12:15:51Z
St.JudeMedicalRegent (Bileaflet),St.Jude Medical Regent (Bileaflet),aortic,21,,8.0,4.8,,15.6,9.4,2.0,0.7,,,,Table A4,56,high,"Zoghbi WA, Jone PN, Chamsi-Pasha MA, et al. Guidelines for the Evaluation of Prosthetic Valve Function With Cardiovascular Imaging: A Report from the American Society of Echocardiography. J Am Soc Echocardiogr 2024;37:2-63, Appendix Tables A1-A4",2026-09-16T12:15:51Z
St.JudeMedicalRegent (Bileaflet),St.Jude Medical Regent (Bileaflet),aortic,23,,6.9,3.5,,12.8,6.8,2.3,0.9,,,,Table A4,56,high,"Zoghbi WA, Jone PN, Chamsi-Pasha MA, et al. Guidelines for the Evaluation of Prosthetic Valve Function With Cardiovascular Imaging: A Report from the American Society of Echocardiography. J Am Soc Echocardiogr 2024;37:2-63, Appendix Tables A1-A4",2026-09-16T12:15:51Z
St.JudeMedicalRegent (Bileaflet),St.Jude Medical Regent (Bileaflet),aortic,25,,5.6,3.2,,11.7,6.8,2.5,0.8,,,,Table A4,56,high,"Zoghbi WA, Jone PN, Chamsi-Pasha MA, et al. Guidelines for the Evaluation of Prosthetic Valve Function With Cardiovascular Imaging: A Report from the American Society of Echocardiography. J Am Soc Echocardiogr 2024;37:2-63, Appendix Tables A1-A4",2026-09-16T12:15:51Z
St.JudeMedicalRegent (Bileaflet),St.Jude Medical Regent (Bileaflet),aortic,27,,7.9,5.5,,,,3.5,1.7,,,,Table A4,56,low,"Zoghbi WA, Jone PN, Chamsi-Pasha MA, et al. Guidelines for the Evaluation of Prosthetic Valve Function With Cardiovascular Imaging: A Report from the American Society of Echocardiography. J Am Soc Echocardiogr 2024;37:2-63, Appendix Tables A1-A4",2026-09-16T12:15:51Z
St.JudeMedicalStandard,St.Jude Medical Standard,aortic,19,,24.5,5.8,,42.0,10.0,1.5,0.1,,,,Table A4,57,high,"Zoghbi WA, Jone PN, Chamsi-Pasha MA, et al. Guidelines for the Evaluation of Prosthetic Valve Function With Cardiovascular Imaging: A Report from the American Society of Echocardiography. J Am Soc Echocardiogr 2024;37:2-63, Appendix Tables A1-A4",2026-09-16T12:15:51Z
St.JudeMedicalStandard (Bileaflet),St.Jude Medical Standard (Bileaflet),aortic,21,,15.2,5.0,,25.7,9.5,1.4,0.4,,,,Table A4,57,high,"Zoghbi WA, Jone PN, Chamsi-Pasha MA, et al. Guidelines for the Evaluation of Prosthetic Valve Function With Cardiovascular Imaging: A Report from the American Society of Echocardiography. J Am Soc Echocardiogr 2024;37:2-63, Appendix Tables A1-A4",2026-09-16T12:15:51Z
St.JudeMedicalStandard (Bileaflet),St.Jude Medical Standard (Bileaflet),aortic,23,,13.4,5.6,,21.8,7.5,1.6,0.4,,,,Table A4,57,high,"Zoghbi WA, Jone PN, Chamsi-Pasha MA, et al. Guidelines for the Evaluation of Prosthetic Valve Function With Cardiovascular Imaging: A Report from the American Society of Echocardiography. J Am Soc Echocardiogr 2024;37:2-63, Appendix Tables A1-A4",2026-09-16T12:15:51Z
St.JudeMedicalStandard (Bileaflet),St.Jude Medical Standard (Bileaflet),aortic,25,,11.0,5.3,,18.9,7.3,1.9,0.5,,,,Table A4,57,high,"Zoghbi WA, Jone PN, Chamsi-Pasha MA, et al. Guidelines for the Evaluation of Prosthetic Valve Function With Cardiovascular Imaging: A Report from the American Society of Echocardiography. J Am Soc Echocardiogr 2024;37:2-63, Appendix Tables A1-A4",2026-09-16T12:15:51Z
St.JudeMedicalStandard (Bileaflet),St.Jude Medical Standard (Bileaflet),aortic,27,,8.4,3.4,,13.7,4.2,2.5,0.4,,,,Table A4,57,high,"Zoghbi WA, Jone PN, Chamsi-Pasha MA, et al. Guidelines for the Evaluation of Prosthetic Valve Function With Cardiovascular Imaging: A Report from the American Society of Echocardiography. J Am Soc Echocardiogr 2024;37:2-63, Appendix Tables A1-A4",2026-09-16T12:15:51Z
St.JudeMedicalStandard (Bileaflet),St.Jude Medical Standard (Bileaflet),aortic,29,,7.0,1.7,,13.5,5.8,2.8,0.5,,,,Table A4,57,high,"Zoghbi WA, Jone PN, Chamsi-Pasha MA, et al. Guidelines for the Evaluation of Prosthetic Valve Function With Cardiovascular Imaging: A Report from the American Society of Echocardiography. J Am Soc Echocardiogr 2024;37:2-63, Appendix Tables A1-A4",2026-09-16T12:15:51Z
St.JudeMedical,St.Jude Medical,aortic,21,,10.7,7.2,,22.6,14.5,1.3,0.6,,,,Table A4,57,high,"Zoghbi WA, Jone PN, Chamsi-Pasha MA, et al. Guidelines for the Evaluation of Prosthetic Valve Function With Cardiovascular Imaging: A Report from the American Society of Echocardiography. J Am Soc Echocardiogr 2024;37:2-63, Appendix Tables A1-A4",2026-09-16T12:15:51Z
St.JudeMedical (Stentless),St.Jude Medical (Stentless),aortic,23,,8.2,4.7,,16.2,9.0,1.6,0.6,,,,Table A4,57,high,"Zoghbi WA, Jone PN, Chamsi-Pasha MA, et al. Guidelines for the Evaluation of Prosthetic Valve Function With Cardiovascular Imaging: A Report from the American Society of Echocardiography. J Am Soc Echocardiogr 2024;37:2-63, Appendix Tables A1-A4",2026-09-16T12:15:51Z
St.JudeMedical (Stentless),St.Jude Medical (Stentless),aortic,25,,6.3,4.1,,12.7,8.2,1.8,0.5,,,,Table A4,57,high,"Zoghbi WA, Jone PN, Chamsi-Pasha MA, et al. Guidelines for the Evaluation of Prosthetic Valve Function With Cardiovascular Imaging: A Report from the American Society of Echocardiography. J Am Soc Echocardiogr 2024;37:2-63, Appendix Tables A1-A4",2026-09-16T12:15:51Z
St.JudeMedical (Stentless),St.Jude Medical (Stentless),aortic,27,,5.0,2.9,,10.1,5.8,2.0,0.3,,,,Table A4,57,high,"Zoghbi WA, Jone PN, Chamsi-Pasha MA, et al. Guidelines for the Evaluation of Prosthetic Valve Function With Cardiovascular Imaging: A Report from the American Society of Echocardiography. J Am Soc Echocardiogr 2024;37:2-63, Appendix Tables A1-A4",2026-09-16T12:15:51Z
St.JudeMedical (Stentless),St.Jude Medical (Stentless),aortic,29,,7.7,4.4,,,,4.1,2.4,,,,Table A4,57,low,"Zoghbi WA, Jone PN, Chamsi-Pasha MA, et al. Guidelines for the Evaluation of Prosthetic Valve Function With Cardiovascular Imaging: A Report from the American Society of Echocardiography. J Am Soc Echocardiogr 2024;37:2-63, Appendix Tables A1-A4",2026-09-16T12:15:51Z
AbbottEpic,Abbott Epic,aortic,27,,6.1,2.9,,,,1.4,0.7,,,Epic,Table A4,57,low,"Zoghbi WA, Jone PN, Chamsi-Pasha MA, et al. Guidelines for the Evaluation of Prosthetic Valve Function With Cardiovascular Imaging: A Report from the American Society of Echocardiography. J Am Soc Echocardiogr 2024;37:2-63, Appendix Tables A1-A4",2026-09-16T12:15:51Z
AbbottEpic,Abbott Epic,aortic,29,,5.5,1.7,,,,1.5,0.5,,,Epic,Table A4,57,low,"Zoghbi WA, Jone PN, Chamsi-Pasha MA, et al. Guidelines for the Evaluation of Prosthetic Valve Function With Cardiovascular Imaging: A Report from the American Society of Echocardiography. J Am Soc Echocardiogr 2024;37:2-63, Appendix Tables A1-A4",2026-09-16T12:15:51Z
AbbottEpic,Abbott Epic,aortic,31,,4.8,1.4,,,,1.6,0.3,,,Epic,Table A4,57,low,"Zoghbi WA, Jone PN, Chamsi-Pasha MA, et al. Guidelines for the Evaluation of Prosthetic Valve Function With Cardiovascular Imaging: A Report from the American Society of Echocardiography. J Am Soc Echocardiogr 2024;37:2-63, Appendix Tables A1-A4",2026-09-16T12:15:51Z
AbbottEpic,Abbott Epic,aortic,33,,,,,,,4.1,1.6,,,Epic,Table A4,57,low,"Zoghbi WA, Jone PN, Chamsi-Pasha MA, et al. Guidelines for the Evaluation of Prosthetic Valve Function With Cardiovascular Imaging: A Report from the American Society of Echocardiography. J Am Soc Echocardiogr 2024;37:2-63, Appendix Tables A1-A4",2026-09-16T12:15:51Z
Biocor,Biocor,aortic,27,,13.0,1.0,,,,,,,,,Table A4,57,low,"Zoghbi WA, Jone PN, Chamsi-Pasha MA, et al. Guidelines for the Evaluation of Prosthetic Valve Function With Cardiovascular Imaging: A Report from the American Society of Echocardiography. J Am Soc Echocardiogr 2024;37:2-63, Appendix Tables A1-A4",2026-09-16T12:15:51Z
Biocor (Stentlessbioprosthesis),Biocor (Stentlessbioprosthesis),aortic,29,,14.0,2.5,,,,,,,,,Table A4,57,low,"Zoghbi WA, Jone PN, Chamsi-Pasha MA, et al. Guidelines for the Evaluation of Prosthetic Valve Function With Cardiovascular Imaging: A Report from the American Society of Echocardiography. J Am Soc Echocardiogr 2024;37:2-63, Appendix Tables A1-A4",2026-09-16T12:15:51Z
Biocor (Stentlessbioprosthesis),Biocor (Stentlessbioprosthesis),aortic,31,,11.5,0.5,,,,,,,,,Table A4,57,low,"Zoghbi WA, Jone PN, Chamsi-Pasha MA, et al. Guidelines for the Evaluation of Prosthetic Valve Function With Cardiovascular Imaging: A Report from the American Society of Echocardiography. J Am Soc Echocardiogr 2024;37:2-63, Appendix Tables A1-A4",2026-09-16T12:15:51Z
Biocor (Stentlessbioprosthesis),Biocor (Stentlessbioprosthesis),aortic,33,,12.0,0.5,,,,,,,,,Table A4,57,low,"Zoghbi WA, Jone PN, Chamsi-Pasha MA, et al. Guidelines for the Evaluation of Prosthetic Valve Function With Cardiovascular Imaging: A Report from the American Society of Echocardiography. J Am Soc Echocardiogr 2024;37:2-63, Appendix Tables A1-A4",2026-09-16T12:15:51Z
Bioflopericardial,Bioflopericardial,aortic,25,,6.3,1.5,,10.0,2.0,2.0,0.1,,,,Table A4,57,high,"Zoghbi WA, Jone PN, Chamsi-Pasha MA, et al. Guidelines for the Evaluation of Prosthetic Valve Function With Cardiovascular Imaging: A Report from the American Society of Echocardiography. J Am Soc Echocardiogr 2024;37:2-63, Appendix Tables A1-A4",2026-09-16T12:15:51Z
Bioflopericardial (Stentedbioprosthesis),Bioflopericardial (Stentedbioprosthesis),aortic,27,,5.4,1.2,,9.5,2.6,2.0,0.3,,,,Table A4,57,high,"Zoghbi WA, Jone PN, Chamsi-Pasha MA, et al. Guidelines for the Evaluation of Prosthetic Valve Function With Cardiovascular Imaging: A Report from the American Society of Echocardiography. J Am Soc Echocardiogr 2024;37:2-63, Appendix Tables A1-A4",2026-09-16T12:15:51Z
Bioflopericardial (Stentedbioprosthesis),Bioflopericardial (Stentedbioprosthesis),aortic,29,,5.0,2.8,,,,3.6,1.0,,,,Table A4,57,low,"Zoghbi WA, Jone PN, Chamsi-Pasha MA, et al. Guidelines for the Evaluation of Prosthetic Valve Function With Cardiovascular Imaging: A Report from the American Society of Echocardiography. J Am Soc Echocardiogr 2024;37:2-63, Appendix Tables A1-A4",2026-09-16T12:15:51Z
Bioflopericardial (Stentedbioprosthesis),Bioflopericardial (Stentedbioprosthesis),aortic,31,,,,,,,4.0,,,,,Table A4,57,low,"Zoghbi WA, Jone PN, Chamsi-Pasha MA, et al. Guidelines for the Evaluation of Prosthetic Valve Function With Cardiovascular Imaging: A Report from the American Society of Echocardiography. J Am Soc Echocardiogr 2024;37:2-63, Appendix Tables A1-A4",2026-09-16T12:15:51Z
Bjork-Shiley,Bjork-Shiley,aortic,23,,115.0,,,,,1.7,,,,,Table A4,57,low,"Zoghbi WA, Jone PN, Chamsi-Pasha MA, et al. Guidelines for the Evaluation of Prosthetic Valve Function With Cardiovascular Imaging: A Report from the American Society of Echocardiography. J Am Soc Echocardiogr 2024;37:2-63, Appendix Tables A1-A4",2026-09-16T12:15:51Z
Bjork-Shiley (Tiltingdisk),Bjork-Shiley (Tiltingdisk),aortic,25,,,,,,,1.75,0.38,,,,Table A4,57,low,"Zoghbi WA, Jone PN, Chamsi-Pasha MA, et al. Guidelines for the Evaluation of Prosthetic Valve Function With Cardiovascular Imaging: A Report from the American Society of Echocardiography. J Am Soc Echocardiogr 2024;37:2-63, Appendix Tables A1-A4",2026-09-16T12:15:51Z
Bjork-Shiley (Tiltingdisk),Bjork-Shiley (Tiltingdisk),aortic,27,,,,,,,1.6,0.49,,,,Table A4,57,low,"Zoghbi WA, Jone PN, Chamsi-Pasha MA, et al. Guidelines for the Evaluation of Prosthetic Valve Function With Cardiovascular Imaging: A Report from the American Society of Echocardiography. J Am Soc Echocardiogr 2024;37:2-63, Appendix Tables A1-A4",2026-09-16T12:15:51Z
Bjork-Shiley (Tiltingdisk),Bjork-Shiley (Tiltingdisk),aortic,29,,7.83,2.93,,79.0,17.0,2.83,1.27,,,,Table A4,57,medium,"Zoghbi WA, Jone PN, Chamsi-Pasha MA, et al. Guidelines for the Evaluation of Prosthetic Valve Function With Cardiovascular Imaging: A Report from the American Society of Echocardiography. J Am Soc Echocardiogr 2024;37:2-63, Appendix Tables A1-A4",2026-09-16T12:15:51Z
Bjork-Shiley (Tiltingdisk),Bjork-Shiley (Tiltingdisk),aortic,31,,6.0,3.0,,70.0,14.0,2.0,1.9,,,,Table A4,57,medium,"Zoghbi WA, Jone PN, Chamsi-Pasha MA, et al. Guidelines for the Evaluation of Prosthetic Valve Function With Cardiovascular Imaging: A Report from the American Society of Echocardiography. J Am Soc Echocardiogr 2024;37:2-63, Appendix Tables A1-A4",2026-09-16T12:15:51Z
Bjork-Shileymonostrut,Bjork-Shileymonostrut,aortic,23,,5.0,,,,,1.9,,,,,Table A4,57,low,"Zoghbi WA, Jone PN, Chamsi-Pasha MA, et al. Guidelines for the Evaluation of Prosthetic Valve Function With Cardiovascular Imaging: A Report from the American Society of Echocardiography. J Am Soc Echocardiogr 2024;37:2-63, Appendix Tables A1-A4",2026-09-16T12:15:51Z
Bjork-Shileymonostrut (Tiltingdisk),Bjork-Shileymonostrut (Tiltingdisk),aortic,25,,5.57,2.3,,13.0,2.5,1.8,0.3,,,,Table A4,57,high,"Zoghbi WA, Jone PN, Chamsi-Pasha MA, et al. Guidelines for the Evaluation of Prosthetic Valve Function With Cardiovascular Imaging: A Report from the American Society of Echocardiography. J Am Soc Echocardiogr 2024;37:2-63, Appendix Tables A1-A4",2026-09-16T12:15:51Z
Bjork-Shileymonostrut (Tiltingdisk),Bjork-Shileymonostrut (Tiltingdisk),aortic,27,,4.53,2.2,,12.0,2.5,1.7,0.4,,,,Table A4,57,high,"Zoghbi WA, Jone PN, Chamsi-Pasha MA, et al. Guidelines for the Evaluation of Prosthetic Valve Function With Cardiovascular Imaging: A Report from the American Society of Echocardiography. J Am Soc Echocardiogr 2024;37:2-63, Appendix Tables A1-A4",2026-09-16T12:15:51Z
Bjork-Shileymonostrut (Tiltingdisk),Bjork-Shileymonostrut (Tiltingdisk),aortic,29,,13.0,3.0,,,,4.26,1.6,,,,Table A4,57,low,"Zoghbi WA, Jone PN, Chamsi-Pasha MA, et al. Guidelines for the Evaluation of Prosthetic Valve Function With Cardiovascular Imaging: A Report from the American Society of Echocardiography. J Am Soc Echocardiogr 2024;37:2-63, Appendix Tables A1-A4",2026-09-16T12:15:51Z
Bjork-Shileymonostrut (Tiltingdisk),Bjork-Shileymonostrut (Tiltingdisk),aortic,31,,4.9,1.6,,14.0,4.5,1.7,0.3,,,,Table A4,57,high,"Zoghbi WA, Jone PN, Chamsi-Pasha MA, et al. Guidelines for the Evaluation of Prosthetic Valve Function With Cardiovascular Imaging: A Report from the American Society of Echocardiography. J Am Soc Echocardiogr 2024;37:2-63, Appendix Tables A1-A4",2026-09-16T12:15:51Z
Carbomedics,Carbomedics,aortic,23,,126.0,7.0,,,,1.9,0.1,,,,Table A4,57,low,"Zoghbi WA, Jone PN, Chamsi-Pasha MA, et al. Guidelines for the Evaluation of Prosthetic Valve Function With Cardiovascular Imaging: A Report from the American Society of Echocardiography. J Am Soc Echocardiogr 2024;37:2-63, Appendix Tables A1-A4",2026-09-16T12:15:51Z
Carbomedics (Bileaflet),Carbomedics (Bileaflet),aortic,25,,10.3,2.3,,93.0,8.0,3.6,0.6,,,,Table A4,57,medium,"Zoghbi WA, Jone PN, Chamsi-Pasha MA, et al. Guidelines for the Evaluation of Prosthetic Valve Function With Cardiovascular Imaging: A Report from the American Society of Echocardiography. J Am Soc Echocardiogr 2024;37:2-63, Appendix Tables A1-A4",2026-09-16T12:15:51Z
